"Data","Último","Abertura","Máxima","Mínima","Vol.","Var%"
"07.08.2025","17,28","17,60","17,68","17,28","2,11M","-2,10%"
"06.08.2025","17,65","18,19","18,19","17,65","2,17M","-2,43%"
"05.08.2025","18,09","18,22","18,22","17,95","1,17M","-0,33%"
"04.08.2025","18,15","18,22","18,26","17,99","1,17M","0,06%"
"01.08.2025","18,14","18,40","18,49","18,14","1,80M","-1,04%"
"31.07.2025","18,33","18,08","18,40","18,01","1,55M","0,44%"
"30.07.2025","18,25","18,14","18,37","17,97","3,25M","0,61%"
"29.07.2025","18,14","17,92","18,28","17,87","1,37M","1,51%"
"28.07.2025","17,87","18,00","18,12","17,65","2,09M","-0,67%"
"25.07.2025","17,99","17,91","18,02","17,68","2,95M","0,22%"
"24.07.2025","17,95","17,94","18,10","17,86","2,19M","-0,50%"
"23.07.2025","18,04","17,95","18,12","17,87","1,48M","0,61%"
"22.07.2025","17,93","18,19","18,19","17,85","1,52M","-0,88%"
"21.07.2025","18,09","18,20","18,28","17,99","1,65M","-0,60%"
"18.07.2025","18,20","18,18","18,24","18,06","853,30K","0,11%"
"17.07.2025","18,18","18,41","18,54","18,18","1,63M","-1,09%"
"16.07.2025","18,38","18,22","18,49","18,09","3,51M","0,88%"
"15.07.2025","18,22","18,06","18,24","17,91","1,83M","0,44%"
"14.07.2025","18,14","18,09","18,31","18,02","2,87M","-0,33%"
"11.07.2025","18,20","18,04","18,26","18,03","1,63M","0,28%"
"10.07.2025","18,15","18,00","18,29","17,89","2,32M","0,83%"
"09.07.2025","18,00","18,44","18,70","18,00","5,21M","-2,07%"
"08.07.2025","18,38","18,30","18,48","18,23","1,32M","0,60%"
"07.07.2025","18,27","18,15","18,29","18,12","1,17M","0,94%"
"04.07.2025","18,10","18,01","18,25","18,01","1,31M","0,28%"
"03.07.2025","18,05","18,04","18,30","18,04","1,82M","0,22%"
"02.07.2025","18,01","17,90","18,03","17,78","2,62M","1,07%"
"01.07.2025","17,82","17,92","17,99","17,70","1,89M","-0,28%"
"30.06.2025","17,87","17,91","18,02","17,77","2,85M","-0,22%"
"27.06.2025","17,91","17,77","17,99","17,72","1,62M","0,00%"
"26.06.2025","17,91","17,86","17,98","17,70","2,14M","0,62%"
"25.06.2025","17,80","18,00","18,03","17,69","2,89M","-1,00%"
"24.06.2025","17,98","18,43","18,60","17,90","2,29M","-2,81%"
"23.06.2025","18,50","18,45","18,95","18,33","2,23M","0,27%"
"20.06.2025","18,45","18,50","18,53","18,23","2,48M","0,11%"
"18.06.2025","18,43","18,75","18,81","18,43","2,27M","-1,50%"
"17.06.2025","18,71","19,01","19,01","18,55","1,34M","-0,90%"
"16.06.2025","18,88","18,61","19,04","18,47","2,77M","2,11%"
"13.06.2025","18,49","18,35","18,66","18,31","1,81M","0,54%"
"12.06.2025","18,39","18,59","18,61","18,38","1,79M","-1,45%"
"11.06.2025","18,66","18,60","18,76","18,45","1,96M","0,16%"
"10.06.2025","18,63","18,53","18,85","18,48","1,44M","1,25%"
"09.06.2025","18,40","18,89","18,93","18,37","2,29M","-2,70%"
"06.06.2025","18,91","19,00","19,13","18,82","1,37M","-0,47%"
"05.06.2025","19,00","18,90","19,13","18,80","1,67M","0,58%"
"04.06.2025","18,89","19,02","19,23","18,89","1,77M","-0,32%"
"03.06.2025","18,95","18,79","19,22","18,74","1,75M","0,91%"
"02.06.2025","18,78","18,90","19,19","18,65","2,19M","-0,58%"
"30.05.2025","18,89","19,43","19,43","18,89","1,60M","-2,12%"
"29.05.2025","19,30","19,20","19,45","18,99","2,75M","0,05%"
"28.05.2025","19,29","19,20","19,38","19,12","1,66M","0,68%"
"27.05.2025","19,16","19,01","19,28","18,87","2,68M","1,54%"
"26.05.2025","18,87","18,81","19,14","18,81","1,83M","-0,05%"
"23.05.2025","18,88","18,36","18,97","18,24","2,33M","2,83%"
"22.05.2025","18,36","18,50","18,65","18,36","2,18M","-0,86%"
"21.05.2025","18,52","18,77","18,85","18,51","1,10M","-2,01%"
"20.05.2025","18,90","18,81","18,90","18,69","1,33M","0,11%"
"19.05.2025","18,88","18,93","19,06","18,80","1,86M","-0,58%"
"16.05.2025","18,99","18,99","19,17","18,77","1,90M","-0,26%"
"15.05.2025","19,04","18,70","19,04","18,67","2,10M","2,04%"
"14.05.2025","18,66","19,78","19,90","18,63","3,23M","-1,69%"
"13.05.2025","18,98","18,80","19,20","18,80","3,51M","0,53%"
"12.05.2025","18,88","19,00","19,01","18,46","3,64M","-0,16%"
"09.05.2025","18,91","19,14","19,23","18,61","4,46M","-2,17%"
"08.05.2025","19,33","19,47","19,49","19,13","1,61M","0,16%"
"07.05.2025","19,30","19,35","19,43","19,10","1,79M","-0,10%"
"06.05.2025","19,32","19,32","19,60","19,10","1,64M","0,87%"
"05.05.2025","19,15","19,64","19,79","19,04","2,57M","-1,65%"
"02.05.2025","19,47","19,36","19,59","19,20","2,39M","1,21%"
"30.04.2025","19,24","19,40","19,45","19,10","2,08M","-0,80%"
"29.04.2025","19,40","19,45","19,65","19,31","1,69M","-2,92%"
"28.04.2025","19,98","20,00","20,05","19,80","2,77M","-0,15%"
"25.04.2025","20,01","20,14","20,27","19,98","2,87M","-0,55%"
"24.04.2025","20,12","20,05","20,22","19,84","3,20M","0,05%"
"23.04.2025","20,11","20,55","20,55","19,96","2,67M","-1,13%"
"22.04.2025","20,34","20,14","20,59","20,00","2,49M","0,94%"
"17.04.2025","20,15","20,35","20,37","20,10","1,92M","-0,69%"
"16.04.2025","20,29","20,24","20,45","20,15","2,92M","-0,10%"
"15.04.2025","20,31","20,88","20,93","20,22","4,02M","-2,50%"
"14.04.2025","20,83","20,32","21,00","20,30","5,34M","3,53%"
"11.04.2025","20,12","19,06","20,13","19,05","5,08M","6,01%"
"10.04.2025","18,98","18,73","19,13","18,64","2,08M","1,33%"
"09.04.2025","18,73","18,51","19,22","18,50","3,15M","0,48%"
"08.04.2025","18,64","18,75","18,98","18,61","2,32M","-0,43%"
"07.04.2025","18,72","18,29","19,22","18,28","6,44M","1,03%"
"04.04.2025","18,53","18,60","19,27","18,50","5,52M","-0,54%"
"03.04.2025","18,63","18,91","19,17","18,55","4,34M","-0,69%"
"02.04.2025","18,76","18,78","19,15","18,75","3,30M","-0,48%"
"01.04.2025","18,85","18,44","18,94","18,35","1,95M","1,34%"
"31.03.2025","18,60","18,25","18,70","18,25","1,74M","0,92%"
"28.03.2025","18,43","18,59","18,61","18,32","1,06M","-0,86%"
"27.03.2025","18,59","18,24","18,65","18,17","1,11M","1,86%"
"26.03.2025","18,25","18,48","18,55","18,15","1,65M","-0,92%"
"25.03.2025","18,42","18,57","18,66","18,31","2,32M","-0,75%"
"24.03.2025","18,56","18,76","18,86","18,46","1,80M","-1,01%"
"21.03.2025","18,75","18,43","18,90","18,43","1,76M","1,35%"
"20.03.2025","18,50","18,60","18,77","18,41","2,20M","-0,86%"
"19.03.2025","18,66","19,34","19,36","18,66","3,78M","-3,52%"
"18.03.2025","19,34","17,93","19,34","17,93","5,48M","8,11%"
"17.03.2025","17,89","18,64","18,67","17,83","9,20M","-3,92%"
"14.03.2025","18,62","18,67","19,01","18,44","6,82M","0,11%"
"13.03.2025","18,60","18,34","18,66","17,72","4,80M","-1,06%"
"12.03.2025","18,80","18,70","19,02","18,70","2,54M","0,00%"
"11.03.2025","18,80","18,90","19,04","18,68","2,29M","-1,21%"
"10.03.2025","19,03","19,05","19,51","18,99","2,82M","-0,78%"
"07.03.2025","19,18","19,21","19,37","19,04","3,87M","2,73%"
"06.03.2025","18,67","18,49","18,86","18,38","2,74M","0,92%"
"05.03.2025","18,50","18,10","18,69","18,10","3,27M","2,55%"
"28.02.2025","18,04","18,24","18,26","17,94","2,72M","-0,72%"
"27.02.2025","18,17","18,20","18,25","18,03","1,62M","0,28%"
"26.02.2025","18,12","18,01","18,20","17,88","4,29M","0,72%"
"25.02.2025","17,99","18,00","18,26","17,99","1,96M","-0,44%"
"24.02.2025","18,07","18,29","18,38","18,00","2,10M","-1,47%"
"21.02.2025","18,34","18,15","18,52","18,03","3,24M","1,05%"
"20.02.2025","18,15","18,50","18,52","18,15","1,58M","-1,68%"
"19.02.2025","18,46","18,30","18,48","18,25","1,50M","0,98%"
"18.02.2025","18,28","18,99","19,08","18,28","2,50M","-3,94%"
"17.02.2025","19,03","18,79","19,23","18,79","2,20M","1,06%"
"14.02.2025","18,83","18,49","18,92","18,40","3,93M","2,06%"
"13.02.2025","18,45","18,17","18,49","17,99","3,19M","1,54%"
"12.02.2025","18,17","18,11","18,36","18,07","4,87M","-0,44%"
"11.02.2025","18,25","17,85","18,30","17,84","1,44M","1,73%"
"10.02.2025","17,94","18,21","18,39","17,94","1,93M","-1,21%"
"07.02.2025","18,16","18,00","18,24","17,85","2,19M","0,83%"
"06.02.2025","18,01","17,92","18,13","17,79","2,67M","-0,55%"
"05.02.2025","18,11","17,64","18,15","17,52","3,72M","2,72%"
"04.02.2025","17,63","17,44","17,85","17,43","4,18M","0,86%"
"03.02.2025","17,48","17,35","17,76","17,22","2,96M","0,69%"
"31.01.2025","17,36","17,91","17,94","17,36","2,96M","-2,96%"
"30.01.2025","17,89","17,52","17,94","17,49","3,81M","2,11%"
"29.01.2025","17,52","17,70","17,86","17,40","2,45M","-0,79%"
"28.01.2025","17,66","18,09","18,09","17,63","1,83M","-2,27%"
"27.01.2025","18,07","17,83","18,13","17,67","2,93M","1,35%"
"24.01.2025","17,83","18,17","18,19","17,54","4,85M","-1,60%"
"23.01.2025","18,12","18,16","18,17","17,98","1,48M","0,67%"
"22.01.2025","18,00","17,95","18,10","17,82","2,13M","-0,22%"
"21.01.2025","18,04","17,95","18,06","17,82","1,12M","0,28%"
"20.01.2025","17,99","18,05","18,13","17,82","1,43M","-0,11%"
"17.01.2025","18,01","17,87","18,02","17,70","1,30M","1,75%"
"16.01.2025","17,70","17,80","17,98","17,57","1,48M","-0,45%"
"15.01.2025","17,78","17,88","18,00","17,52","1,63M","0,51%"
"14.01.2025","17,69","17,38","17,70","17,29","1,61M","1,84%"
"13.01.2025","17,37","17,20","17,65","17,20","2,48M","1,05%"
"10.01.2025","17,19","17,39","17,69","17,06","2,68M","-1,15%"
"09.01.2025","17,39","17,14","17,42","17,02","1,14M","1,52%"
"08.01.2025","17,13","17,33","17,36","17,13","1,60M","-1,15%"
"07.01.2025","17,33","17,22","17,42","17,10","2,07M","0,64%"
"06.01.2025","17,22","17,04","17,30","17,01","1,79M","1,18%"
"03.01.2025","17,02","17,21","17,28","17,02","1,77M","-1,73%"
"02.01.2025","17,32","17,50","17,68","17,27","2,02M","-1,03%"
"30.12.2024","17,50","17,70","17,79","17,40","1,66M","-1,02%"
"27.12.2024","17,68","17,75","17,94","17,57","2,22M","-0,23%"
"26.12.2024","17,72","17,78","18,04","17,67","1,57M","-1,17%"
"23.12.2024","17,93","18,36","18,36","17,76","2,41M","-2,61%"
"20.12.2024","18,41","18,32","18,48","18,12","2,85M","-0,05%"
"19.12.2024","18,42","18,71","18,92","18,33","2,10M","-1,29%"
"18.12.2024","18,66","19,14","19,24","18,59","3,05M","-2,81%"
"17.12.2024","19,20","19,10","19,36","19,09","4,35M","0,52%"
"16.12.2024","19,10","19,16","19,28","19,04","2,03M","-0,37%"
"13.12.2024","19,17","19,36","19,67","19,14","2,31M","0,84%"
"12.12.2024","19,01","19,00","19,09","18,83","1,80M","-0,73%"
"11.12.2024","19,15","19,00","19,20","18,85","2,40M","1,06%"
"10.12.2024","18,95","18,74","19,00","18,68","1,76M","1,45%"
"09.12.2024","18,68","18,57","18,71","18,45","1,82M","0,59%"
"06.12.2024","18,57","19,01","19,07","18,38","3,06M","-2,06%"
"05.12.2024","18,96","18,84","19,08","18,66","2,94M","1,01%"
"04.12.2024","18,77","18,56","18,83","18,51","2,81M","0,32%"
"03.12.2024","18,71","18,00","18,73","17,83","4,07M","4,12%"
"02.12.2024","17,97","17,91","18,79","17,87","5,81M","3,22%"
"29.11.2024","17,41","17,52","17,80","17,25","3,50M","-0,63%"
"28.11.2024","17,52","17,09","17,74","16,90","2,97M","2,64%"
"27.11.2024","17,07","17,08","17,35","16,84","2,79M","0,89%"
"26.11.2024","16,92","16,86","17,04","16,80","1,45M","0,42%"
"25.11.2024","16,85","16,80","17,08","16,80","2,21M","0,06%"
"22.11.2024","16,84","16,75","16,89","16,68","1,05M","0,60%"
"21.11.2024","16,74","16,90","17,01","16,74","1,87M","-1,70%"
"19.11.2024","17,03","17,01","17,11","16,91","1,01M","0,12%"
"18.11.2024","17,01","17,00","17,26","16,96","1,49M","0,18%"
"14.11.2024","16,98","17,18","17,47","16,96","2,21M","-1,28%"
"13.11.2024","17,20","17,27","17,42","16,81","2,59M","-1,26%"
"12.11.2024","17,42","17,33","17,55","17,31","1,50M","-0,29%"
"11.11.2024","17,47","17,35","17,54","17,21","1,64M","0,69%"
"08.11.2024","17,35","17,36","17,72","17,17","1,94M","-0,69%"
"07.11.2024","17,47","17,89","18,11","17,47","1,78M","-2,40%"
"06.11.2024","17,90","17,32","18,30","17,08","4,07M","3,23%"
"05.11.2024","17,34","17,27","17,45","17,17","982,00K","0,17%"
"04.11.2024","17,31","17,40","17,48","17,16","2,37M","0,06%"
"01.11.2024","17,30","17,12","17,35","16,95","1,71M","1,70%"
"31.10.2024","17,01","17,20","17,58","17,01","1,78M","-1,96%"
"30.10.2024","17,35","17,11","17,41","17,11","1,74M","0,93%"
"29.10.2024","17,19","17,18","17,20","17,01","3,31M","-0,06%"
"28.10.2024","17,20","17,38","17,38","17,18","1,59M","-0,12%"
"25.10.2024","17,22","17,32","17,39","17,22","2,31M","-0,92%"
"24.10.2024","17,38","17,17","17,38","17,14","1,57M","1,05%"
"23.10.2024","17,20","17,32","17,32","17,15","2,21M","-0,86%"
"22.10.2024","17,35","17,20","17,42","17,13","1,79M","0,41%"
"21.10.2024","17,28","17,10","17,29","17,02","1,30M","1,35%"
"18.10.2024","17,05","17,29","17,42","17,01","1,58M","-0,70%"
"17.10.2024","17,17","17,27","17,39","17,12","1,65M","-1,55%"
"16.10.2024","17,44","17,40","17,44","17,15","2,76M","0,63%"
"15.10.2024","17,33","17,15","17,39","17,08","1,64M","0,99%"
"14.10.2024","17,16","17,14","17,32","17,00","1,97M","0,35%"
"11.10.2024","17,10","17,24","17,29","17,04","1,71M","-0,70%"
"10.10.2024","17,22","17,60","17,60","17,17","2,12M","-1,77%"
"09.10.2024","17,53","17,64","17,76","17,46","1,76M","-0,79%"
"08.10.2024","17,67","17,53","17,79","17,40","2,60M","0,45%"
"07.10.2024","17,59","18,05","18,09","17,59","2,55M","-1,90%"
"04.10.2024","17,93","17,97","18,16","17,80","2,34M","-0,17%"
"03.10.2024","17,96","18,26","18,39","17,96","3,90M","-3,08%"
"02.10.2024","18,53","18,56","18,77","18,50","1,91M","0,71%"
"01.10.2024","18,40","18,20","18,44","18,00","2,84M","1,10%"
"30.09.2024","18,20","18,47","18,85","17,99","3,37M","-2,47%"
"27.09.2024","18,66","17,82","18,74","17,82","7,10M","5,84%"
"26.09.2024","17,63","17,32","17,65","17,31","2,46M","2,26%"
"25.09.2024","17,24","17,30","17,40","17,19","4,25M","-0,12%"
"24.09.2024","17,26","17,17","17,42","17,14","2,09M","1,29%"
"23.09.2024","17,04","17,00","17,09","16,87","2,28M","0,24%"
"20.09.2024","17,00","17,09","17,14","16,87","3,54M","-0,47%"
"19.09.2024","17,08","17,18","17,34","17,08","1,84M","-0,87%"
"18.09.2024","17,23","17,22","17,36","17,18","1,78M","-0,52%"
"17.09.2024","17,32","17,20","17,37","17,10","1,53M","0,76%"
"16.09.2024","17,19","17,30","17,32","17,12","2,00M","-0,12%"
"13.09.2024","17,21","17,29","17,46","17,18","1,84M","0,12%"
"12.09.2024","17,19","17,21","17,23","17,05","2,88M","-0,06%"
"11.09.2024","17,20","17,27","17,28","17,13","2,55M","-0,12%"
"10.09.2024","17,22","17,20","17,26","16,94","2,32M","0,58%"
"09.09.2024","17,12","17,36","17,42","17,12","2,70M","-1,38%"
"06.09.2024","17,36","17,52","17,55","17,28","2,49M","-1,08%"
"05.09.2024","17,55","17,60","17,70","17,52","2,12M","-0,28%"
"04.09.2024","17,60","17,56","17,70","17,45","1,68M","0,74%"
"03.09.2024","17,47","17,42","17,53","17,34","1,64M","0,29%"
"02.09.2024","17,42","17,85","17,85","17,34","2,46M","-1,36%"
"30.08.2024","17,66","17,75","17,76","17,61","2,35M","-0,39%"
"29.08.2024","17,73","17,82","17,92","17,61","2,30M","-0,84%"
"28.08.2024","17,88","18,08","18,13","17,88","1,64M","-1,05%"
"27.08.2024","18,07","18,05","18,15","17,81","2,28M","0,50%"
"26.08.2024","17,98","17,95","18,03","17,77","1,28M","0,45%"
"23.08.2024","17,90","17,85","17,94","17,73","1,21M","0,62%"
"22.08.2024","17,79","17,95","18,06","17,64","1,72M","-1,17%"
"21.08.2024","18,00","18,01","18,09","17,82","1,57M","0,17%"
"20.08.2024","17,97","17,90","18,07","17,70","1,71M","0,62%"
"19.08.2024","17,86","17,81","17,99","17,49","3,05M","0,90%"
"16.08.2024","17,70","17,95","17,97","17,55","2,43M","-0,28%"
"15.08.2024","17,75","17,94","18,17","17,62","2,57M","-2,47%"
"14.08.2024","18,20","18,19","18,33","18,05","2,57M","-0,55%"
"13.08.2024","18,30","18,35","18,40","18,04","1,67M","1,16%"
"12.08.2024","18,09","18,48","18,53","18,07","1,10M","-1,52%"
"09.08.2024","18,37","18,13","18,52","18,05","2,47M","2,11%"
"08.08.2024","17,99","17,83","18,16","17,71","1,45M","0,78%"
"07.08.2024","17,85","17,80","17,92","17,75","1,04M","0,85%"
"06.08.2024","17,70","17,51","17,85","17,51","1,73M","1,03%"
"05.08.2024","17,52","17,32","17,67","17,28","1,64M","-1,24%"
"02.08.2024","17,74","17,80","17,93","17,63","1,71M","-0,34%"
"01.08.2024","17,80","18,06","18,10","17,71","1,68M","-0,89%"
"31.07.2024","17,96","18,00","18,08","17,86","3,06M","-0,22%"
"30.07.2024","18,00","18,19","18,24","18,00","2,03M","-1,10%"
"29.07.2024","18,20","18,33","18,43","18,20","815,90K","-0,66%"
"26.07.2024","18,32","18,27","18,40","18,15","788,70K","0,44%"
"25.07.2024","18,24","18,42","18,55","18,24","1,04M","-1,14%"
"24.07.2024","18,45","18,67","19,02","18,45","1,31M","-1,34%"
"23.07.2024","18,70","18,93","18,99","18,69","1,74M","-1,58%"
"22.07.2024","19,00","19,33","19,33","18,93","1,97M","-1,81%"
"19.07.2024","19,35","19,35","19,49","19,24","1,36M","0,21%"
"18.07.2024","19,31","19,37","19,37","19,08","2,81M","-0,36%"
"17.07.2024","19,38","19,35","19,49","19,21","1,48M","0,16%"
"16.07.2024","19,35","18,93","19,37","18,87","2,87M","2,06%"
"15.07.2024","18,96","19,10","19,16","18,87","1,52M","-0,78%"
"12.07.2024","19,11","19,16","19,20","19,00","1,25M","-0,26%"
"11.07.2024","19,16","19,14","19,30","19,10","2,21M","0,21%"
"10.07.2024","19,12","19,11","19,27","18,90","1,65M","0,16%"
"09.07.2024","19,09","19,09","19,29","18,82","1,85M","0,37%"
"08.07.2024","19,02","18,78","19,02","18,76","2,26M","1,17%"
"05.07.2024","18,80","18,99","19,08","18,65","1,96M","-1,31%"
"04.07.2024","19,05","18,93","19,19","18,87","1,40M","0,90%"
"03.07.2024","18,88","19,19","19,36","18,88","2,34M","-1,41%"
"02.07.2024","19,15","18,71","19,39","18,71","5,66M","2,35%"
"01.07.2024","18,71","17,66","18,92","17,57","7,08M","7,22%"
"28.06.2024","17,45","17,57","17,66","17,45","3,94M","-0,57%"
"27.06.2024","17,55","17,43","17,72","17,37","1,64M","0,98%"
"26.06.2024","17,38","17,39","17,62","17,30","1,80M","-0,06%"
"25.06.2024","17,39","17,49","17,50","17,32","1,68M","-0,29%"
"24.06.2024","17,44","17,47","17,53","17,34","2,15M","-0,11%"
"21.06.2024","17,46","17,63","17,67","17,38","4,85M","-1,36%"
"20.06.2024","17,70","17,75","17,89","17,59","1,86M","0,17%"
"19.06.2024","17,67","17,51","17,74","17,29","2,79M","0,86%"
"18.06.2024","17,52","17,60","17,61","17,25","1,92M","-0,45%"
"17.06.2024","17,60","17,63","17,71","17,44","1,08M","-0,17%"
"14.06.2024","17,63","17,51","17,79","17,44","961,60K","0,40%"
"13.06.2024","17,56","17,41","17,68","17,31","1,43M","0,34%"
"12.06.2024","17,50","17,56","17,63","17,37","1,87M","-0,34%"
"11.06.2024","17,56","17,29","17,59","17,12","1,81M","1,92%"
"10.06.2024","17,23","17,26","17,44","17,10","2,11M","-0,12%"
"07.06.2024","17,25","17,50","17,56","17,00","2,76M","-1,77%"
"06.06.2024","17,56","17,57","17,81","17,53","1,22M","0,17%"
"05.06.2024","17,53","17,89","17,99","17,52","2,56M","-2,39%"
"04.06.2024","17,96","17,75","18,24","17,58","4,90M","3,04%"
"03.06.2024","17,43","17,74","17,77","17,28","3,67M","-2,19%"
"31.05.2024","17,82","17,97","18,00","17,53","2,72M","-0,72%"
"29.05.2024","17,95","18,31","18,35","17,94","1,78M","-2,29%"
"28.05.2024","18,37","18,40","18,59","18,25","1,27M","0,33%"
"27.05.2024","18,31","18,29","18,38","18,15","1,09M","0,11%"
"25.05.2024","18,29","18,29","18,29","18,29","","0,00%"
"24.05.2024","18,29","18,42","18,58","18,28","1,51M","-0,71%"
"23.05.2024","18,42","18,35","18,48","18,12","1,58M","0,33%"
"22.05.2024","18,36","18,45","18,53","18,29","1,65M","-0,81%"
"21.05.2024","18,51","18,69","18,69","18,30","1,72M","-0,80%"
"20.05.2024","18,66","18,29","18,74","18,29","1,48M","1,36%"
"17.05.2024","18,41","18,47","18,48","18,33","1,51M","-0,27%"
"16.05.2024","18,46","18,46","18,50","18,23","1,27M","0,38%"
"15.05.2024","18,39","18,41","18,56","18,30","1,42M","0,11%"
"14.05.2024","18,37","18,44","18,52","18,30","1,62M","-0,33%"
"13.05.2024","18,43","18,39","18,55","18,37","1,09M","-0,27%"
"10.05.2024","18,48","18,50","18,65","18,39","1,84M","-0,11%"
"09.05.2024","18,50","18,40","18,88","18,15","3,15M","-0,86%"
"08.05.2024","18,66","18,70","18,78","18,52","2,11M","-0,21%"
"07.05.2024","18,70","18,65","18,81","18,45","2,55M","0,59%"
"06.05.2024","18,59","18,28","18,75","18,09","2,50M","1,53%"
"03.05.2024","18,31","18,24","18,34","18,04","1,90M","1,05%"
"02.05.2024","18,12","18,30","18,44","18,04","2,32M","-0,77%"
"30.04.2024","18,26","18,42","18,42","18,05","2,76M","-0,52%"
"29.04.2024","18,36","17,95","18,40","17,91","1,67M","2,46%"
"26.04.2024","17,92","18,13","18,15","17,84","3,13M","-0,37%"
"25.04.2024","17,98","18,08","18,20","17,76","1,43M","-0,42%"
"24.04.2024","18,06","18,13","18,15","17,93","1,75M","-0,21%"
"23.04.2024","18,10","17,89","18,15","17,79","2,37M","0,48%"
"22.04.2024","18,01","18,21","18,21","17,86","2,48M","0,21%"
"19.04.2024","17,97","17,44","17,97","17,37","3,90M","3,07%"
"18.04.2024","17,44","17,27","17,71","17,27","2,82M","0,66%"
"17.04.2024","17,32","17,43","17,43","17,27","2,27M","0,06%"
"16.04.2024","17,31","17,24","17,53","17,17","3,56M","0,00%"
"15.04.2024","17,31","17,70","17,81","17,27","2,97M","-2,16%"
"12.04.2024","17,70","17,92","17,97","17,60","3,99M","-1,54%"
"11.04.2024","17,97","18,80","18,80","17,92","10,41M","-4,18%"
"10.04.2024","18,76","18,86","19,07","18,67","3,27M","-0,10%"
"09.04.2024","18,78","18,52","18,84","18,52","1,93M","1,24%"
"08.04.2024","18,55","18,57","18,70","18,47","1,75M","0,31%"
"05.04.2024","18,49","18,61","18,73","18,28","1,97M","-0,67%"
"04.04.2024","18,61","19,03","19,08","18,47","2,34M","-1,72%"
"03.04.2024","18,94","18,96","19,09","18,69","1,60M","-0,10%"
"02.04.2024","18,96","19,13","19,21","18,81","2,13M","-0,90%"
"01.04.2024","19,13","18,90","19,32","18,85","2,42M","1,11%"
"28.03.2024","18,92","18,87","19,27","18,65","2,84M","0,56%"
"27.03.2024","18,81","19,15","19,65","18,69","6,18M","0,41%"
"26.03.2024","18,74","18,71","18,81","18,60","2,39M","0,15%"
"25.03.2024","18,71","18,86","19,12","18,62","2,24M","-5,22%"
"23.03.2024","19,74","19,74","19,74","19,74","","4,55%"
"22.03.2024","18,88","18,80","18,92","18,69","2,55M","0,46%"
"21.03.2024","18,80","18,55","18,94","18,53","3,51M","1,66%"
"20.03.2024","18,49","18,45","18,59","18,24","1,85M","0,73%"
"19.03.2024","18,36","18,27","18,61","18,16","1,92M","1,00%"
"18.03.2024","18,17","18,23","18,31","18,09","5,93M","0,21%"
"15.03.2024","18,14","18,14","18,40","18,04","7,56M","-0,05%"
"14.03.2024","18,15","17,98","18,22","17,85","2,40M","0,74%"
"13.03.2024","18,01","18,13","18,23","17,98","3,40M","-0,42%"
"12.03.2024","18,09","18,29","18,33","18,06","2,53M","-0,73%"
"11.03.2024","18,22","18,41","18,61","18,19","3,15M","-1,45%"
"08.03.2024","18,49","18,37","18,63","18,32","2,17M","0,94%"
"07.03.2024","18,32","18,27","18,75","17,23","6,65M","-1,03%"
"06.03.2024","18,51","18,54","18,68","18,40","2,02M","-0,05%"
"05.03.2024","18,52","18,46","18,79","18,37","1,99M","0,36%"
"04.03.2024","18,45","18,65","18,65","18,33","4,44M","-1,08%"
"01.03.2024","18,65","18,81","18,90","18,56","2,38M","-0,81%"
"29.02.2024","18,81","18,86","18,92","18,66","1,49M","-0,30%"
"28.02.2024","18,86","18,78","19,23","18,74","4,49M","0,31%"
"27.02.2024","18,81","18,66","18,92","18,53","1,55M","1,50%"
"26.02.2024","18,53","18,53","18,74","18,46","1,13M","0,00%"
"23.02.2024","18,53","18,73","18,81","18,37","1,41M","-1,12%"
"22.02.2024","18,74","18,81","18,93","18,59","2,13M","-0,41%"
"21.02.2024","18,81","18,95","19,05","18,71","2,14M","-1,65%"
"20.02.2024","19,13","18,30","19,16","18,19","2,53M","4,28%"
"19.02.2024","18,35","18,70","18,77","18,15","1,90M","-1,64%"
"16.02.2024","18,65","18,09","18,88","17,92","6,84M","4,17%"
"15.02.2024","17,91","17,78","18,19","17,71","2,47M","0,81%"
"14.02.2024","17,76","18,28","18,34","17,52","7,54M","-3,28%"
"09.02.2024","18,37","18,22","18,55","18,22","964,60K","0,52%"
"08.02.2024","18,27","18,69","18,69","18,20","1,75M","-2,25%"
"07.02.2024","18,69","18,52","18,93","18,49","4,18M","0,88%"
"06.02.2024","18,53","18,27","18,73","18,15","2,28M","1,41%"
"05.02.2024","18,27","18,27","18,38","18,04","2,08M","-0,10%"
"02.02.2024","18,29","18,37","18,49","18,19","1,54M","-0,52%"
"01.02.2024","18,38","18,27","18,45","18,13","2,47M","0,63%"
"31.01.2024","18,27","18,17","18,59","18,13","1,39M","0,47%"
"30.01.2024","18,18","18,37","18,56","18,08","1,90M","0,32%"
"29.01.2024","18,13","18,46","18,46","17,99","1,55M","-1,81%"
"26.01.2024","18,46","18,53","18,66","18,27","1,54M","-0,26%"
"25.01.2024","18,51","18,55","19,08","18,37","3,98M","1,20%"
"24.01.2024","18,29","18,29","18,37","17,99","2,09M","0,16%"
"23.01.2024","18,26","18,03","18,41","17,98","2,34M","1,43%"
"22.01.2024","18,00","18,09","18,14","17,84","2,39M","-0,53%"
"19.01.2024","18,10","18,39","18,63","17,95","4,47M","-1,46%"
"18.01.2024","18,37","17,98","18,37","17,71","4,60M","2,13%"
"17.01.2024","17,98","17,20","18,07","17,12","7,22M","3,87%"
"16.01.2024","17,31","16,95","17,31","16,87","3,03M","1,97%"
"15.01.2024","16,98","16,92","17,16","16,87","1,29M","0,45%"
"12.01.2024","16,90","16,97","17,27","16,80","2,19M","0,23%"
"11.01.2024","16,86","16,81","16,88","16,61","2,46M","0,34%"
"10.01.2024","16,81","17,07","17,14","16,77","3,04M","-1,24%"
"09.01.2024","17,02","17,56","17,66","16,99","3,73M","-3,10%"
"08.01.2024","17,56","17,71","17,75","17,47","1,75M","-0,86%"
"05.01.2024","17,71","17,46","17,83","17,40","1,68M","1,48%"
"04.01.2024","17,46","17,68","17,68","17,33","1,70M","-1,24%"
"03.01.2024","17,68","17,57","17,73","17,43","1,75M","0,71%"
"02.01.2024","17,55","18,03","18,15","17,49","3,02M","-2,50%"
"28.12.2023","18,00","18,12","18,22","17,97","1,40M","-0,61%"
"27.12.2023","18,11","18,11","18,17","18,00","1,13M","0,26%"
"26.12.2023","18,06","18,06","18,19","17,91","1,85M","0,11%"
"22.12.2023","18,05","17,79","18,06","17,66","2,60M","1,61%"
"21.12.2023","17,76","17,77","17,80","17,54","1,74M","0,70%"
"20.12.2023","17,64","17,96","17,98","17,58","2,89M","-2,01%"
"19.12.2023","18,00","17,78","18,03","17,64","3,71M","1,23%"
"18.12.2023","17,78","18,08","18,22","17,65","4,41M","-1,43%"
"15.12.2023","18,04","17,71","18,13","17,56","8,89M","1,89%"
"14.12.2023","17,70","18,79","18,86","17,67","4,92M","-3,66%"
"13.12.2023","18,37","18,47","18,52","18,15","4,09M","-0,82%"
"12.12.2023","18,53","18,60","18,84","18,50","2,09M","-0,38%"
"11.12.2023","18,60","18,45","19,02","18,41","5,54M","0,83%"
"08.12.2023","18,45","18,43","18,74","18,31","6,27M","0,47%"
"07.12.2023","18,36","18,02","18,43","17,90","3,08M","2,67%"
"06.12.2023","17,88","17,99","18,11","17,77","2,59M","-0,29%"
"05.12.2023","17,94","18,14","18,17","17,31","7,63M","-1,13%"
"04.12.2023","18,14","17,97","18,33","17,97","2,59M","0,74%"
"01.12.2023","18,01","17,97","18,17","17,87","4,44M","0,21%"
"30.11.2023","17,97","17,91","18,10","17,67","3,32M","0,21%"
"29.11.2023","17,93","18,02","18,21","17,88","4,48M","-0,34%"
"28.11.2023","17,99","17,46","18,20","17,41","5,03M","3,31%"
"27.11.2023","17,42","17,30","17,44","17,17","1,68M","1,44%"
"24.11.2023","17,17","17,72","17,75","17,13","8,63M","-3,30%"
"23.11.2023","17,75","18,09","18,10","17,71","2,55M","-1,72%"
"22.11.2023","18,06","18,12","18,38","18,03","2,44M","0,26%"
"21.11.2023","18,02","18,27","18,47","17,94","8,99M","-1,59%"
"20.11.2023","18,31","18,56","18,62","18,18","4,86M","-1,36%"
"17.11.2023","18,56","18,99","19,07","18,55","3,44M","-1,99%"
"16.11.2023","18,94","18,42","18,98","18,27","3,67M","2,61%"
"14.11.2023","18,46","17,95","18,58","17,94","3,76M","2,87%"
"13.11.2023","17,94","17,77","18,06","17,75","1,25M","0,32%"
"10.11.2023","17,88","17,88","18,38","17,73","2,86M","-1,08%"
"09.11.2023","18,08","18,52","18,77","17,95","4,14M","-1,38%"
"08.11.2023","18,33","18,13","18,33","17,94","3,54M","1,13%"
"07.11.2023","18,13","18,36","18,50","17,97","3,93M","-1,48%"
"06.11.2023","18,40","18,38","18,54","18,07","1,94M","-0,18%"
"03.11.2023","18,43","18,33","18,66","18,31","5,14M","1,42%"
"01.11.2023","18,17","17,61","18,25","17,54","2,75M","3,67%"
"31.10.2023","17,53","16,86","17,57","16,79","4,87M","3,99%"
"30.10.2023","16,86","17,46","17,49","16,82","3,57M","-3,23%"
"27.10.2023","17,42","17,74","17,79","17,30","1,74M","-2,04%"
"26.10.2023","17,78","17,80","18,03","17,59","1,77M","1,00%"
"25.10.2023","17,61","17,54","17,72","17,40","2,56M","0,19%"
"24.10.2023","17,57","17,55","17,66","17,14","1,99M","0,96%"
"23.10.2023","17,41","17,12","17,55","17,12","1,27M","0,63%"
"20.10.2023","17,30","17,41","17,45","17,10","2,73M","-1,14%"
"19.10.2023","17,50","17,33","17,74","17,33","1,50M","1,05%"
"18.10.2023","17,32","17,65","17,69","17,32","3,51M","-2,02%"
"17.10.2023","17,67","17,98","18,02","17,61","1,53M","-1,80%"
"16.10.2023","18,00","17,96","18,14","17,80","1,24M","0,96%"
"13.10.2023","17,83","18,31","18,36","17,79","2,33M","-2,68%"
"11.10.2023","18,32","18,23","18,57","18,23","2,22M","0,47%"
"10.10.2023","18,23","18,16","18,40","18,06","1,56M","0,61%"
"09.10.2023","18,12","17,66","18,12","17,44","2,06M","2,29%"
"06.10.2023","17,72","17,62","17,85","17,44","2,03M","-0,24%"
"05.10.2023","17,76","18,08","18,17","17,45","4,13M","-2,33%"
"04.10.2023","18,18","18,38","18,46","18,09","1,67M","-1,29%"
"03.10.2023","18,42","18,42","18,60","18,24","1,71M","-0,95%"
"02.10.2023","18,60","18,68","18,69","18,40","1,94M","-0,99%"
"29.09.2023","18,78","18,79","19,01","18,58","1,78M","0,74%"
"28.09.2023","18,65","18,48","18,74","18,42","2,44M","0,88%"
"27.09.2023","18,48","18,63","18,76","18,13","2,69M","-0,39%"
"26.09.2023","18,56","18,96","19,30","18,56","3,19M","-2,16%"
"25.09.2023","18,97","18,78","19,04","18,66","2,00M","0,73%"
"22.09.2023","18,83","18,78","18,99","18,62","1,81M","0,48%"
"21.09.2023","18,74","18,67","18,87","18,46","1,61M","-0,53%"
"20.09.2023","18,84","18,84","19,12","18,73","1,95M","0,08%"
"19.09.2023","18,82","18,95","19,07","18,70","1,92M","-0,83%"
"18.09.2023","18,98","19,02","19,11","18,90","2,62M","-0,60%"
"15.09.2023","19,09","19,19","19,23","18,84","3,88M","-0,50%"
"14.09.2023","19,19","19,23","19,38","18,98","2,65M","0,00%"
"13.09.2023","19,19","19,29","19,55","19,11","4,81M","-0,57%"
"12.09.2023","19,30","18,99","19,54","18,82","4,36M","2,20%"
"11.09.2023","18,88","18,88","18,93","18,72","3,02M","-52,31%"
"09.09.2023","39,60","39,60","39,60","39,60","","109,69%"
"08.09.2023","18,88","19,03","19,04","18,75","1,26M","-0,63%"
"06.09.2023","19,00","19,16","19,43","18,89","2,71M","-0,97%"
"05.09.2023","19,19","19,31","19,47","19,07","2,13M","-0,74%"
"04.09.2023","19,33","19,43","19,51","19,16","1,39M","-52,22%"
"02.09.2023","40,46","40,46","40,46","40,46","","109,12%"
"01.09.2023","19,35","19,42","19,47","19,16","2,41M","0,87%"
"31.08.2023","19,18","19,55","19,80","19,16","3,12M","-2,26%"
"30.08.2023","19,62","19,75","19,83","19,56","1,58M","-0,41%"
"29.08.2023","19,71","19,41","19,98","19,39","3,04M","1,75%"
"28.08.2023","19,37","19,05","19,44","19,04","3,48M","1,96%"
"25.08.2023","18,99","18,63","19,20","18,51","2,84M","1,89%"
"24.08.2023","18,64","19,13","19,15","18,28","3,69M","-2,35%"
"23.08.2023","19,09","19,00","19,12","18,69","1,52M","0,88%"
"22.08.2023","18,92","18,80","19,03","18,70","1,29M","1,20%"
"21.08.2023","18,70","18,80","18,98","18,48","2,11M","-0,13%"
"18.08.2023","18,72","18,73","18,88","18,44","1,65M","0,28%"
"17.08.2023","18,67","18,80","18,96","18,53","2,09M","-0,53%"
"16.08.2023","18,77","19,16","19,16","18,63","4,50M","-1,33%"
"15.08.2023","19,02","19,57","19,57","18,95","4,80M","-3,18%"
"14.08.2023","19,65","20,43","20,43","19,59","4,12M","-3,85%"
"11.08.2023","20,43","20,46","20,60","20,09","2,34M","-0,12%"
"10.08.2023","20,46","20,43","20,79","19,91","4,95M","-1,22%"
"09.08.2023","20,71","20,64","20,88","20,55","2,60M","-0,09%"
"08.08.2023","20,73","20,89","21,00","20,48","3,14M","-1,67%"
"07.08.2023","21,08","21,46","21,51","20,68","3,65M","-1,54%"
"04.08.2023","21,41","21,10","21,67","21,04","3,10M","0,74%"
"03.08.2023","21,25","21,28","21,43","21,10","2,63M","0,61%"
"02.08.2023","21,13","21,19","21,44","21,01","3,54M","0,00%"
"01.08.2023","21,13","20,74","21,32","20,70","6,03M","1,51%"
"31.07.2023","20,82","21,02","21,12","20,66","3,64M","-0,68%"
"28.07.2023","20,96","21,12","21,38","20,81","2,13M","-0,79%"
"27.07.2023","21,13","20,51","21,47","20,51","9,11M","3,14%"
"26.07.2023","20,48","20,28","20,59","20,18","3,40M","1,01%"
"25.07.2023","20,28","20,23","20,38","20,12","3,07M","0,69%"
"24.07.2023","20,14","19,98","20,17","19,73","1,61M","0,98%"
"21.07.2023","19,94","19,98","20,05","19,80","2,81M","0,41%"
"20.07.2023","19,86","19,78","19,95","19,75","1,66M","0,51%"
"19.07.2023","19,76","19,50","19,91","19,39","2,79M","1,69%"
"18.07.2023","19,43","19,41","19,56","19,21","2,30M","0,30%"
"17.07.2023","19,38","19,24","19,54","19,16","4,05M","0,44%"
"14.07.2023","19,29","19,35","19,65","19,11","2,06M","-0,37%"
"13.07.2023","19,36","19,45","19,47","19,11","3,42M","-0,42%"
"12.07.2023","19,44","19,51","19,79","19,39","3,16M","0,00%"
"11.07.2023","19,44","19,40","19,57","19,06","4,66M","-0,12%"
"10.07.2023","19,47","19,56","20,11","19,36","3,35M","0,00%"
"07.07.2023","19,46","19,12","19,57","18,96","3,36M","1,75%"
"06.07.2023","19,13","19,27","19,52","19,04","3,64M","-0,82%"
"05.07.2023","19,29","18,69","19,45","18,60","4,90M","3,51%"
"04.07.2023","18,63","18,36","18,70","18,23","2,95M","1,11%"
"03.07.2023","18,43","18,29","18,54","18,24","3,30M","1,10%"
"30.06.2023","18,23","18,10","18,44","18,08","3,40M","1,11%"
"29.06.2023","18,03","17,74","18,16","17,64","3,02M","1,53%"
"28.06.2023","17,75","17,74","18,22","17,72","2,60M","-0,37%"
"27.06.2023","17,82","18,48","18,53","17,69","3,94M","-3,19%"
"26.06.2023","18,41","18,50","18,63","18,32","2,45M","-0,44%"
"23.06.2023","18,49","18,02","18,67","17,86","9,45M","6,51%"
"22.06.2023","17,36","17,56","17,68","17,20","4,28M","-1,36%"
"21.06.2023","17,60","17,82","17,95","17,41","4,21M","-0,30%"
"20.06.2023","17,65","17,44","17,68","17,19","2,72M","0,84%"
"19.06.2023","17,50","17,44","17,99","17,36","4,83M","0,94%"
"16.06.2023","17,34","16,81","17,38","16,69","5,28M","2,94%"
"15.06.2023","16,84","16,67","16,98","16,61","5,42M","0,89%"
"14.06.2023","16,70","16,79","16,81","16,43","6,60M","-0,71%"
"13.06.2023","16,82","16,98","17,04","16,65","8,94M","-0,68%"
"12.06.2023","16,93","17,41","17,46","16,85","4,80M","-2,74%"
"09.06.2023","17,41","17,62","17,73","17,41","2,96M","-0,95%"
"07.06.2023","17,57","17,32","17,70","17,23","2,96M","1,77%"
"06.06.2023","17,27","17,02","17,35","16,91","2,70M","2,06%"
"05.06.2023","16,92","16,84","17,06","16,71","1,73M","0,42%"
"02.06.2023","16,85","16,51","17,24","16,45","3,87M","2,64%"
"01.06.2023","16,41","16,65","16,66","16,31","2,68M","-0,32%"
"31.05.2023","16,47","16,43","16,63","16,30","2,85M","-0,12%"
"30.05.2023","16,49","16,76","16,82","16,40","1,95M","-1,43%"
"29.05.2023","16,72","16,77","16,87","16,70","2,03M","0,00%"
"26.05.2023","16,72","16,69","16,89","16,57","2,50M","0,78%"
"25.05.2023","16,60","16,62","16,88","16,55","3,44M","-0,11%"
"24.05.2023","16,61","16,73","16,85","16,57","3,85M","-0,60%"
"23.05.2023","16,71","16,93","17,17","16,69","2,80M","-1,27%"
"22.05.2023","16,93","17,10","17,24","16,88","3,72M","-0,08%"
"19.05.2023","16,94","16,92","17,25","16,88","3,23M","0,31%"
"18.05.2023","16,89","17,18","17,20","16,74","4,38M","-1,69%"
"17.05.2023","17,18","17,13","17,21","16,95","2,70M","0,84%"
"16.05.2023","17,04","17,25","17,25","16,81","5,71M","0,00%"
"15.05.2023","17,04","16,91","17,12","16,64","6,35M","1,19%"
"12.05.2023","16,84","16,71","17,28","16,71","6,13M","0,74%"
"11.05.2023","16,71","16,71","16,85","16,69","3,89M","-0,60%"
"10.05.2023","16,82","17,04","17,37","16,74","4,27M","-1,84%"
"09.05.2023","17,13","17,17","17,30","16,77","5,87M","0,06%"
"08.05.2023","17,12","18,43","18,46","17,12","9,41M","-59,46%"
"06.05.2023","42,23","42,23","42,23","42,23","","129,90%"
"05.05.2023","18,37","17,58","18,43","17,37","3,12M","4,32%"
"04.05.2023","17,61","18,21","18,21","17,40","4,78M","-1,46%"
"03.05.2023","17,87","17,74","18,03","17,56","2,59M","1,46%"
"02.05.2023","17,61","17,86","17,99","17,42","2,78M","-0,64%"
"28.04.2023","17,73","17,60","17,74","17,39","2,71M","1,52%"
"27.04.2023","17,46","17,55","17,71","17,30","3,50M","-0,53%"
"26.04.2023","17,55","17,38","17,70","17,24","1,98M","0,35%"
"25.04.2023","17,49","17,84","17,84","17,09","2,26M","-1,92%"
"24.04.2023","17,84","17,90","18,08","17,76","1,50M","-0,39%"
"20.04.2023","17,90","18,04","18,13","17,78","1,85M","-0,48%"
"19.04.2023","17,99","18,26","18,35","17,88","2,94M","-2,67%"
"18.04.2023","18,48","18,65","18,79","18,38","1,61M","-0,31%"
"17.04.2023","18,54","18,47","18,67","18,36","1,47M","1,00%"
"14.04.2023","18,36","18,46","18,54","18,25","1,46M","-0,77%"
"13.04.2023","18,50","18,67","18,74","18,39","1,79M","-0,90%"
"12.04.2023","18,67","18,95","18,98","18,56","2,21M","-1,02%"
"11.04.2023","18,86","18,61","19,18","18,52","3,15M","2,28%"
"10.04.2023","18,44","18,20","18,55","18,17","1,31M","1,32%"
"06.04.2023","18,20","18,05","18,35","17,98","1,32M","0,70%"
"05.04.2023","18,07","18,79","18,87","17,62","4,50M","-3,78%"
"04.04.2023","18,78","18,48","18,92","18,44","1,72M","1,70%"
"03.04.2023","18,47","18,57","18,65","18,32","1,46M","-0,59%"
"31.03.2023","18,58","18,62","18,80","18,37","2,75M","-0,15%"
"30.03.2023","18,61","19,07","19,13","18,36","3,11M","-0,83%"
"29.03.2023","18,76","18,94","19,16","18,65","2,97M","-0,35%"
"28.03.2023","18,83","18,39","19,05","18,39","2,73M","1,85%"
"27.03.2023","18,48","18,59","18,75","18,38","1,55M","-0,15%"
"24.03.2023","18,51","18,29","18,61","18,19","2,04M","0,96%"
"23.03.2023","18,34","18,70","19,09","18,14","3,34M","-1,92%"
"22.03.2023","18,70","18,39","18,94","18,38","2,78M","1,10%"
"21.03.2023","18,49","18,56","18,70","18,10","5,61M","-0,44%"
"20.03.2023","18,57","18,47","18,66","18,27","2,28M","0,40%"
"17.03.2023","18,50","18,66","18,70","18,47","3,09M","-0,85%"
"16.03.2023","18,66","18,91","19,27","18,18","6,12M","-1,53%"
"15.03.2023","18,95","19,03","19,03","18,61","3,80M","-0,85%"
"14.03.2023","19,11","19,14","19,19","18,90","3,44M","0,21%"
"13.03.2023","19,07","18,90","19,23","18,69","3,72M","0,17%"
"10.03.2023","19,04","19,12","19,21","18,83","4,04M","-0,60%"
"09.03.2023","19,15","19,48","19,87","18,97","6,53M","-1,69%"
"08.03.2023","19,48","20,05","20,07","19,34","4,61M","-2,13%"
"07.03.2023","19,91","19,96","20,12","19,62","2,85M","-0,93%"
"06.03.2023","20,09","19,97","20,25","19,89","1,43M","0,63%"
"03.03.2023","19,97","20,08","20,17","19,88","2,16M","0,00%"
"02.03.2023","19,96","19,97","20,37","19,89","2,73M","0,04%"
"01.03.2023","19,95","20,09","20,25","19,79","2,15M","-0,61%"
"28.02.2023","20,08","20,00","20,42","19,81","3,23M","0,06%"
"27.02.2023","20,06","20,68","20,68","19,74","4,21M","-2,96%"
"24.02.2023","20,68","20,52","21,63","20,37","6,31M","0,77%"
"23.02.2023","20,52","20,37","20,93","20,37","2,54M","0,70%"
"22.02.2023","20,37","20,77","20,84","20,20","3,27M","-2,53%"
"17.02.2023","20,90","20,87","21,08","20,81","2,93M","-0,08%"
"16.02.2023","20,92","21,22","21,29","20,87","2,78M","-1,59%"
"15.02.2023","21,26","20,95","21,49","20,87","4,14M","1,22%"
"14.02.2023","21,00","21,12","21,33","20,93","1,77M","-0,23%"
"13.02.2023","21,05","21,14","21,30","20,91","1,73M","-0,23%"
"10.02.2023","21,10","20,96","21,19","20,90","2,39M","0,35%"
"09.02.2023","21,03","21,14","21,28","20,82","2,79M","-0,54%"
"08.02.2023","21,14","20,97","21,20","20,48","2,75M","1,13%"
"07.02.2023","20,90","21,23","21,57","20,76","6,09M","-0,37%"
"06.02.2023","20,98","20,94","21,10","20,72","3,15M","0,72%"
"03.02.2023","20,83","20,82","21,27","20,74","2,49M","0,00%"
"02.02.2023","20,83","20,94","21,16","20,75","1,78M","-0,68%"
"01.02.2023","20,97","20,78","21,12","20,66","2,63M","0,33%"
"31.01.2023","20,90","21,06","21,06","20,57","5,40M","-0,79%"
"30.01.2023","21,07","20,66","21,07","20,37","2,74M","2,05%"
"27.01.2023","20,65","20,54","21,23","20,49","7,40M","0,54%"
"26.01.2023","20,54","20,22","20,57","20,14","3,16M","1,86%"
"25.01.2023","20,16","20,00","20,16","19,90","5,66M","0,65%"
"24.01.2023","20,03","20,14","20,20","19,87","2,03M","-0,32%"
"23.01.2023","20,10","19,88","20,46","19,82","3,02M","1,04%"
"20.01.2023","19,89","19,56","20,02","19,41","2,02M","1,37%"
"19.01.2023","19,62","19,52","19,71","19,38","1,18M","0,29%"
"18.01.2023","19,56","19,70","19,72","19,25","2,04M","0,52%"
"17.01.2023","19,46","19,23","19,54","19,21","1,70M","1,53%"
"16.01.2023","19,17","18,81","19,25","18,81","2,07M","1,07%"
"13.01.2023","18,96","18,59","19,12","18,48","2,34M","1,50%"
"12.01.2023","18,68","18,54","18,88","18,46","2,66M","0,77%"
"11.01.2023","18,54","18,30","18,60","18,24","1,87M","1,22%"
"10.01.2023","18,32","17,89","18,38","17,84","2,60M","1,86%"
"09.01.2023","17,98","18,05","18,19","17,82","1,88M","-0,83%"
"06.01.2023","18,13","18,26","18,54","17,96","3,15M","-0,56%"
"05.01.2023","18,24","18,17","18,24","17,75","3,40M","0,90%"
"04.01.2023","18,07","18,49","18,52","17,91","2,52M","-1,84%"
"03.01.2023","18,41","18,77","18,91","18,30","2,78M","-1,65%"
"02.01.2023","18,72","18,72","18,81","18,34","1,61M","-2,07%"
"29.12.2022","19,12","19,05","19,29","18,92","2,42M","0,69%"
"28.12.2022","18,98","18,79","19,19","18,75","2,10M","1,53%"
"27.12.2022","18,70","18,68","18,76","18,40","1,54M","0,19%"
"26.12.2022","18,66","18,15","18,83","18,15","1,52M","1,58%"
"23.12.2022","18,37","18,72","18,73","18,10","2,25M","-1,39%"
"22.12.2022","18,63","18,45","18,89","18,45","2,07M","0,99%"
"21.12.2022","18,45","18,45","18,69","18,03","1,53M","0,31%"
"20.12.2022","18,39","18,00","18,52","17,94","2,95M","2,16%"
"19.12.2022","18,00","18,67","18,81","17,88","3,54M","-3,18%"
"16.12.2022","18,60","18,35","18,65","18,18","2,58M","1,59%"
"15.12.2022","18,30","18,05","18,31","17,88","2,46M","0,85%"
"14.12.2022","18,15","16,99","18,31","16,96","5,50M","6,33%"
"13.12.2022","17,07","17,70","17,88","17,06","2,16M","-3,05%"
"12.12.2022","17,61","17,87","17,87","17,45","2,25M","-1,49%"
"09.12.2022","17,88","17,48","17,98","17,29","2,12M","2,84%"
"08.12.2022","17,38","17,78","18,06","17,22","2,37M","-2,63%"
"07.12.2022","17,85","17,73","18,03","17,45","1,80M","0,71%"
"06.12.2022","17,73","17,60","18,04","17,54","1,94M","0,94%"
"05.12.2022","17,56","17,90","18,01","17,48","2,28M","-2,43%"
"02.12.2022","18,00","17,90","18,26","17,74","1,83M","0,70%"
"01.12.2022","17,87","18,09","18,32","17,73","2,03M","-1,54%"
"30.11.2022","18,15","18,14","18,51","17,80","2,81M","0,25%"
"29.11.2022","18,11","18,02","18,29","17,91","1,96M","0,88%"
"28.11.2022","17,95","18,10","18,28","17,74","1,66M","-0,83%"
"25.11.2022","18,10","18,26","18,55","18,02","1,51M","-1,08%"
"24.11.2022","18,30","17,72","18,39","17,71","1,85M","3,36%"
"23.11.2022","17,70","17,50","17,74","17,38","2,45M","0,85%"
"22.11.2022","17,55","17,69","17,95","17,41","2,02M","-0,55%"
"21.11.2022","17,65","17,57","17,95","17,37","2,79M","1,11%"
"18.11.2022","17,45","17,54","17,86","17,32","4,25M","-0,78%"
"17.11.2022","17,59","17,36","17,83","17,20","4,07M","-0,09%"
"16.11.2022","17,61","17,96","18,05","17,46","2,53M","-2,05%"
"14.11.2022","17,98","18,17","18,33","17,75","3,14M","-0,22%"
"11.11.2022","18,02","17,65","18,17","17,51","4,95M","2,04%"
"10.11.2022","17,66","17,59","17,86","17,35","5,90M","-1,33%"
"09.11.2022","17,90","17,63","18,28","17,61","4,12M","-1,01%"
"08.11.2022","18,08","17,94","18,35","17,70","3,56M","-0,42%"
"07.11.2022","18,15","18,72","18,72","18,06","7,38M","-5,99%"
"04.11.2022","19,31","19,21","19,92","19,08","2,35M","1,49%"
"03.11.2022","19,03","19,15","19,17","18,56","3,79M","-0,61%"
"01.11.2022","19,15","18,38","19,39","18,32","3,05M","3,03%"
"31.10.2022","18,58","18,04","18,71","17,99","2,35M","1,86%"
"28.10.2022","18,24","18,14","18,76","18,09","2,48M","-0,04%"
"27.10.2022","18,25","18,12","18,54","17,89","2,52M","1,23%"
"26.10.2022","18,03","17,47","18,16","17,37","5,09M","2,48%"
"25.10.2022","17,59","18,00","18,09","17,49","3,05M","-2,66%"
"24.10.2022","18,07","18,25","18,45","18,00","2,41M","-2,17%"
"21.10.2022","18,47","18,37","18,69","18,13","2,26M","0,24%"
"20.10.2022","18,43","18,61","18,64","18,23","2,06M","0,04%"
"19.10.2022","18,42","18,35","18,69","18,22","1,99M","0,57%"
"18.10.2022","18,32","17,98","18,52","17,91","1,84M","1,87%"
"17.10.2022","17,98","17,75","18,19","17,61","2,23M","1,81%"
"14.10.2022","17,66","17,76","17,97","17,51","2,80M","-0,48%"
"13.10.2022","17,75","17,65","17,94","17,52","2,43M","-0,84%"
"11.10.2022","17,90","18,02","18,19","17,76","1,95M","-1,07%"
"10.10.2022","18,09","17,28","18,34","17,20","4,64M","6,05%"
"07.10.2022","17,06","17,24","17,41","17,03","1,79M","-1,03%"
"06.10.2022","17,24","17,15","17,39","17,01","2,19M","1,19%"
"05.10.2022","17,03","17,27","17,29","16,94","4,56M","-1,01%"
"04.10.2022","17,21","17,91","18,25","17,03","5,59M","-2,32%"
"03.10.2022","17,62","17,83","18,02","17,44","5,12M","0,62%"
"30.09.2022","17,51","17,47","17,67","17,19","4,41M","-0,28%"
"29.09.2022","17,56","18,04","18,05","17,29","4,30M","-3,77%"
"28.09.2022","18,24","18,36","18,42","18,13","1,82M","-0,68%"
"27.09.2022","18,37","18,80","18,96","18,28","2,12M","-1,30%"
"26.09.2022","18,61","19,33","19,33","18,25","5,97M","-4,54%"
"23.09.2022","19,50","19,75","19,92","19,33","3,21M","-2,63%"
"22.09.2022","20,02","18,98","20,12","18,98","4,45M","5,72%"
"21.09.2022","18,94","19,00","19,49","18,90","4,17M","-0,15%"
"20.09.2022","18,97","18,94","19,31","18,75","2,67M","0,11%"
"19.09.2022","18,95","18,68","19,02","18,51","1,84M","0,82%"
"16.09.2022","18,79","18,73","18,79","18,46","5,44M","-0,34%"
"15.09.2022","18,86","18,90","19,03","18,74","1,67M","-0,60%"
"14.09.2022","18,97","18,72","19,16","18,63","2,35M","1,34%"
"13.09.2022","18,72","19,45","19,67","18,65","3,12M","-4,52%"
"12.09.2022","19,61","19,91","20,01","19,35","3,78M","-0,25%"
"09.09.2022","19,65","19,19","19,76","19,19","2,32M","3,12%"
"08.09.2022","19,06","19,78","19,78","18,87","4,83M","-3,12%"
"06.09.2022","19,67","19,85","20,05","19,61","1,74M","-1,20%"
"05.09.2022","19,91","19,95","20,10","19,57","2,74M","1,32%"
"02.09.2022","19,65","20,07","20,10","19,45","3,16M","-1,18%"
"01.09.2022","19,89","19,63","20,61","19,41","5,33M","1,19%"
"31.08.2022","19,65","19,78","19,95","19,49","2,50M","0,16%"
"30.08.2022","19,62","19,70","19,89","19,42","3,07M","0,00%"
"29.08.2022","19,62","19,55","20,00","19,44","2,54M","0,33%"
"26.08.2022","19,55","19,46","19,61","19,24","3,08M","0,96%"
"25.08.2022","19,37","19,05","19,45","18,93","3,57M","1,70%"
"24.08.2022","19,04","18,42","19,51","18,32","6,15M","3,34%"
"23.08.2022","18,43","17,60","18,49","17,60","3,73M","4,28%"
"22.08.2022","17,67","17,32","17,99","17,28","2,82M","1,25%"
"19.08.2022","17,45","17,78","17,78","17,33","2,68M","-2,20%"
"18.08.2022","17,85","18,40","18,47","17,79","2,51M","-2,99%"
"17.08.2022","18,40","18,05","18,57","17,83","6,22M","1,70%"
"16.08.2022","18,09","17,86","18,32","17,56","4,21M","1,50%"
"15.08.2022","17,82","18,26","18,47","17,71","4,31M","-3,57%"
"12.08.2022","18,48","17,82","18,60","17,76","3,80M","3,75%"
"11.08.2022","17,81","18,00","18,39","17,71","4,18M","0,07%"
"10.08.2022","17,80","17,39","17,96","17,28","3,39M","3,02%"
"09.08.2022","17,28","17,07","17,28","16,88","6,40M","1,86%"
"08.08.2022","16,97","17,19","17,63","16,81","3,91M","-1,18%"
"05.08.2022","17,17","17,03","17,51","17,03","2,82M","0,83%"
"04.08.2022","17,03","17,31","17,47","16,99","3,16M","-1,15%"
"03.08.2022","17,22","17,46","17,62","17,18","3,02M","-1,25%"
"02.08.2022","17,44","16,94","17,58","16,85","2,32M","2,94%"
"01.08.2022","16,95","17,78","17,79","16,91","4,46M","-4,99%"
"29.07.2022","17,83","17,61","17,98","17,52","3,99M","1,52%"
"28.07.2022","17,57","17,62","17,91","17,39","2,05M","-0,41%"
"27.07.2022","17,64","17,58","17,75","17,30","2,03M","0,51%"
"26.07.2022","17,55","17,40","17,75","17,29","2,01M","0,84%"
"25.07.2022","17,41","17,29","17,65","17,19","3,43M","1,63%"
"22.07.2022","17,13","16,78","17,39","16,67","3,96M","1,44%"
"21.07.2022","16,88","17,02","17,03","16,46","2,20M","-0,78%"
"20.07.2022","17,02","16,76","17,08","16,57","2,08M","1,30%"
"19.07.2022","16,80","16,69","16,99","16,53","3,55M","0,95%"
"18.07.2022","16,64","16,09","16,95","15,96","3,75M","4,36%"
"15.07.2022","15,95","16,18","16,32","15,70","3,95M","-1,13%"
"14.07.2022","16,13","16,22","16,69","16,12","3,56M","-1,80%"
"13.07.2022","16,42","16,43","16,52","15,82","6,65M","-0,71%"
"12.07.2022","16,54","17,53","17,60","16,52","5,89M","-6,19%"
"11.07.2022","17,63","18,19","18,41","17,41","4,62M","-4,51%"
"08.07.2022","18,47","18,48","18,59","18,10","2,62M","0,57%"
"07.07.2022","18,36","17,64","18,72","17,64","4,88M","4,46%"
"06.07.2022","17,58","17,36","17,69","17,26","3,33M","0,81%"
"05.07.2022","17,43","17,88","18,02","17,31","3,56M","-3,15%"
"04.07.2022","18,00","17,79","18,16","17,58","2,30M","0,79%"
"01.07.2022","17,86","17,60","18,07","17,39","4,41M","0,07%"
"30.06.2022","17,85","18,76","18,80","17,81","5,61M","-5,56%"
"29.06.2022","18,90","18,39","18,96","18,39","3,42M","2,86%"
"28.06.2022","18,37","18,60","18,85","18,26","3,35M","-0,09%"
"27.06.2022","18,39","18,12","18,71","18,11","3,24M","1,50%"
"24.06.2022","18,12","18,61","18,67","17,94","6,26M","-1,73%"
"23.06.2022","18,44","19,74","19,92","18,40","7,14M","-6,67%"
"22.06.2022","19,76","20,90","21,01","19,56","6,00M","-6,45%"
"21.06.2022","21,12","20,96","21,27","20,81","2,41M","1,34%"
"20.06.2022","20,84","21,22","21,32","20,63","2,67M","-2,02%"
"17.06.2022","21,27","20,80","21,42","20,80","4,50M","-3,26%"
"15.06.2022","21,99","21,61","22,18","21,56","3,07M","2,87%"
"14.06.2022","21,37","21,86","21,95","21,11","2,35M","-1,73%"
"13.06.2022","21,75","21,97","22,11","21,61","2,41M","-2,37%"
"10.06.2022","22,28","22,21","22,55","21,91","2,22M","-0,96%"
"09.06.2022","22,49","22,54","22,81","22,34","1,79M","-0,32%"
"08.06.2022","22,56","22,49","22,99","22,41","3,28M","0,40%"
"07.06.2022","22,48","22,95","23,14","22,45","2,68M","-2,62%"
"06.06.2022","23,08","24,08","24,08","23,00","2,54M","-3,35%"
"03.06.2022","23,88","24,35","24,35","23,60","2,29M","-2,03%"
"02.06.2022","24,37","23,52","24,42","23,52","3,80M","3,59%"
"01.06.2022","23,53","23,18","23,88","22,94","3,66M","1,46%"
"31.05.2022","23,19","23,57","23,91","23,19","4,90M","-1,17%"
"30.05.2022","23,47","23,36","23,78","23,17","3,16M","0,00%"
"27.05.2022","23,47","22,79","23,58","22,73","2,99M","2,42%"
"26.05.2022","22,92","22,45","23,00","22,28","2,72M","2,17%"
"25.05.2022","22,43","22,72","23,19","22,23","4,20M","-1,39%"
"24.05.2022","22,75","21,77","22,76","21,56","3,29M","3,26%"
"23.05.2022","22,03","22,62","22,83","21,90","4,81M","-1,92%"
"20.05.2022","22,46","22,62","22,68","22,06","2,51M","0,25%"
"19.05.2022","22,40","22,32","22,76","21,96","4,17M","0,19%"
"18.05.2022","22,36","23,29","23,64","22,20","6,06M","-4,22%"
"17.05.2022","23,35","23,22","23,93","23,06","3,68M","0,75%"
"16.05.2022","23,17","21,93","23,26","21,82","5,46M","5,42%"
"13.05.2022","21,98","21,90","22,41","21,66","3,11M","0,68%"
"12.05.2022","21,83","22,82","22,82","21,00","6,16M","-1,64%"
"11.05.2022","22,20","21,69","22,34","20,96","4,06M","2,60%"
"10.05.2022","21,63","21,97","22,04","21,11","4,95M","-0,37%"
"09.05.2022","21,71","22,19","22,21","21,44","2,34M","-2,86%"
"06.05.2022","22,35","22,33","22,51","21,56","2,60M","-0,25%"
"05.05.2022","22,41","22,77","22,92","22,01","3,19M","-1,67%"
"04.05.2022","22,79","23,07","23,58","22,56","5,94M","-1,16%"
"03.05.2022","23,06","21,68","23,10","21,46","7,60M","6,69%"
"02.05.2022","21,61","21,64","21,69","20,80","3,96M","1,24%"
"29.04.2022","21,34","22,28","22,34","21,34","13,76M","-3,73%"
"28.04.2022","22,17","22,11","22,43","21,88","3,49M","0,81%"
"27.04.2022","21,99","21,58","22,21","21,10","5,56M","2,38%"
"26.04.2022","21,48","20,24","21,62","20,24","7,61M","7,06%"
"25.04.2022","20,07","20,08","20,30","19,79","3,04M","-0,64%"
"22.04.2022","20,19","20,32","20,43","19,85","3,11M","-1,30%"
"20.04.2022","20,46","20,18","20,74","20,00","4,05M","1,36%"
"19.04.2022","20,19","20,10","20,65","20,10","4,31M","0,24%"
"18.04.2022","20,14","19,41","20,25","19,41","3,29M","3,74%"
"14.04.2022","19,41","19,29","19,63","19,18","1,65M","0,80%"
"13.04.2022","19,26","19,55","19,65","18,85","1,87M","-0,79%"
"12.04.2022","19,41","19,78","19,94","19,40","2,05M","-1,25%"
"11.04.2022","19,66","19,41","19,75","19,15","2,23M","1,08%"
"08.04.2022","19,45","19,13","19,85","19,07","2,27M","1,92%"
"07.04.2022","19,08","19,84","19,84","19,00","3,29M","-3,82%"
"06.04.2022","19,84","19,92","20,10","19,47","2,62M","-0,47%"
"05.04.2022","19,93","20,15","20,43","19,88","3,21M","-0,88%"
"04.04.2022","20,11","20,33","20,44","19,60","5,23M","-1,05%"
"01.04.2022","20,32","20,48","20,66","20,12","7,54M","1,16%"
"31.03.2022","20,09","19,72","20,19","19,41","5,14M","1,84%"
"30.03.2022","19,73","19,36","19,90","19,18","4,64M","3,21%"
"29.03.2022","19,11","19,07","19,42","18,85","3,59M","1,11%"
"28.03.2022","18,90","19,02","19,51","18,79","4,52M","0,13%"
"25.03.2022","18,88","19,66","19,91","18,83","4,62M","-3,92%"
"24.03.2022","19,65","19,89","20,34","19,53","5,99M","-0,85%"
"23.03.2022","19,82","19,78","20,13","19,63","7,06M","0,37%"
"22.03.2022","19,75","19,87","20,25","19,38","3,14M","0,35%"
"21.03.2022","19,68","19,56","19,78","19,28","3,98M","1,82%"
"18.03.2022","19,33","19,41","19,95","18,96","6,69M","0,13%"
"17.03.2022","19,30","19,70","19,91","19,09","4,14M","-2,03%"
"16.03.2022","19,70","20,52","20,61","19,48","4,87M","-2,63%"
"15.03.2022","20,24","20,21","20,53","20,09","3,71M","-0,81%"
"14.03.2022","20,40","20,92","20,92","20,21","2,23M","-2,49%"
"11.03.2022","20,92","20,54","21,30","20,43","4,89M","2,55%"
"10.03.2022","20,40","20,17","20,52","19,61","4,45M","0,78%"
"09.03.2022","20,24","21,10","21,58","19,96","7,71M","-3,98%"
"08.03.2022","21,08","21,67","22,00","20,68","8,10M","-2,48%"
"07.03.2022","21,62","20,57","21,71","20,40","12,53M","5,37%"
"04.03.2022","20,52","20,46","20,57","20,09","7,33M","1,52%"
"03.03.2022","20,21","19,36","20,52","19,25","12,47M","4,59%"
"02.03.2022","19,32","17,81","19,59","17,81","8,08M","8,94%"
"25.02.2022","17,74","18,39","18,46","17,42","4,99M","-2,79%"
"24.02.2022","18,25","17,55","18,82","17,55","6,25M","4,26%"
"23.02.2022","17,50","17,65","17,83","17,50","1,44M","-0,66%"
"22.02.2022","17,62","17,75","17,97","17,43","2,63M","-0,37%"
"21.02.2022","17,68","17,38","18,07","17,37","1,87M","0,53%"
"18.02.2022","17,59","18,25","18,41","17,45","3,63M","-3,24%"
"17.02.2022","18,18","18,22","18,44","17,85","2,31M","-0,66%"
"16.02.2022","18,30","18,57","18,71","18,15","3,90M","-1,48%"
"15.02.2022","18,57","19,58","19,58","18,41","5,73M","-4,82%"
"14.02.2022","19,51","19,25","19,96","19,24","2,77M","1,34%"
"11.02.2022","19,25","19,76","19,76","19,07","2,77M","-2,07%"
"10.02.2022","19,66","19,53","19,99","19,46","4,08M","1,10%"
"09.02.2022","19,45","19,36","19,86","19,25","4,85M","0,65%"
"08.02.2022","19,32","19,56","19,56","18,94","2,22M","-1,24%"
"07.02.2022","19,57","19,15","20,01","19,05","4,08M","2,36%"
"04.02.2022","19,11","19,00","19,50","18,63","4,82M","0,66%"
"03.02.2022","18,99","18,96","19,15","18,80","1,90M","0,17%"
"02.02.2022","18,96","18,97","19,15","18,80","2,99M","0,06%"
"01.02.2022","18,94","18,64","19,11","18,50","3,37M","2,13%"
"31.01.2022","18,55","18,49","18,91","18,26","2,17M","0,39%"
"28.01.2022","18,48","18,30","18,67","18,05","2,07M","0,57%"
"27.01.2022","18,37","18,74","18,78","18,07","3,58M","-1,24%"
"26.01.2022","18,60","18,65","19,05","18,56","2,15M","0,04%"
"25.01.2022","18,59","18,27","18,64","18,25","2,19M","2,17%"
"24.01.2022","18,20","18,17","18,46","17,94","3,26M","-0,53%"
"21.01.2022","18,29","18,58","18,84","18,19","1,70M","-1,90%"
"20.01.2022","18,65","18,98","19,15","18,46","3,09M","-1,37%"
"19.01.2022","18,91","18,47","19,30","18,46","5,31M","2,59%"
"18.01.2022","18,43","18,04","18,56","17,89","1,95M","1,71%"
"17.01.2022","18,12","18,63","18,75","18,09","2,45M","-2,53%"
"14.01.2022","18,59","18,16","18,86","18,16","3,11M","1,70%"
"13.01.2022","18,28","18,40","18,40","18,05","2,58M","0,11%"
"12.01.2022","18,26","17,65","18,42","17,65","2,97M","3,28%"
"11.01.2022","17,68","17,68","17,85","17,36","2,34M","-0,06%"
"10.01.2022","17,69","17,41","17,87","17,34","2,89M","1,73%"
"07.01.2022","17,39","17,53","17,74","17,31","3,10M","-0,51%"
"06.01.2022","17,48","16,59","17,65","16,37","6,23M","5,49%"
"05.01.2022","16,57","16,65","17,20","16,48","4,76M","-0,36%"
"04.01.2022","16,63","16,83","17,17","16,59","4,50M","-1,19%"
"03.01.2022","16,83","16,95","17,03","16,20","3,98M","1,63%"