ßßßRPPSß30/04/2024F3ßNORMALß2024ß4ß0,00ß0,00ß757,69ßßß1ß3030,74ß3030,74ß3030.74ß0,00ß0,00ß0,00ß123ßßß0.00ß3030.74ßß4/2024ß
10306292000149ßAG.EST. DE PREVIDENCIA SOCIAL DE MSßßRPPSß30/04/2024F3ßNORMALß2024ß4ß1037267,16ß145217,49ß340154,04ßß228ß2ß1360615,16ß1418385,99ß1418385.99ß0,00ß0,00ß0,00ß83ßDETRANßDEPARTAMENTO ESTADUAL DE TRANSITO DE MSß1970.84ß1416415.15ß70601.48ß4/2024ß
10306292000149ßAG.EST. DE PREVIDENCIA SOCIAL DE MSßßRPPSß30/04/2024F3ßNORMALß2024ß4ß106313,95ß14883,95ß35050,52ßß28ß4ß140201,95ß146501,95ß146501.95ß0,00ß0,00ß0,00ß46ßAGRAERßAG. DE DESENV. AGRARIO E EXTENSAO RURALß0.00ß146501.95ß5612.24ß4/2024ß
10306292000149ßAG.EST. DE PREVIDENCIA SOCIAL DE MSßßRPPSß30/04/2024F3ßNORMALß2024ß4ß108672,47ß15214,13ß39102,76ßß47ß4ß156410,63ß176240,19ß176240.19ß0,00ß836,92ß0,00ß94ßFUNSAUßFUNDACAO DE SERVICOS DE SAUDEß0.00ß176240.19ß13516.26ß4/2024ß
10306292000149ßAG.EST. DE PREVIDENCIA SOCIAL DE MSßßRPPSß30/04/2024F3ßNORMALß2024ß4ß110,30ß15,44ß380,58ßß1ß4ß1522,30ß1822,30ß1822.30ß0,00ß0,00ß0,00ß45ßAGEHABßAGENCIA DE HABITACAO POPULAR DE MSß0.00ß1822.30ß0.00ß4/2024ß
10306292000149ßAG.EST. DE PREVIDENCIA SOCIAL DE MSßßRPPSß30/04/2024F3ßNORMALß2024ß4ß11493,63ß1609,11ß4285,41ßß4ß4ß17141,63ß18341,63ß18341.63ß0,00ß0,00ß0,00ß51ßAGEMSßAG.EST. DE REGUL. DE SERV.PUBLICOS DE MSß0.00ß18341.63ß12.69ß4/2024ß
10306292000149ßAG.EST. DE PREVIDENCIA SOCIAL DE MSßßRPPSß30/04/2024F3ßNORMALß2024ß4ß11591,73ß1622,84ß3956,94ßß3ß4ß15827,73ß16727,73ß16727.73ß0,00ß0,00ß0,00ß84ßJUCEMSßJUNTA COMERCIAL DO ESTADO DE MSß0.00ß16727.73ß422.82ß4/2024ß
10306292000149ßAG.EST. DE PREVIDENCIA SOCIAL DE MSßßRPPSß30/04/2024F3ßNORMALß2024ß4ß117877,65ß16502,89ß36529,45ßß20ß2ß146117,65ß151517,65ß151517.65ß0,00ß0,00ß0,00ß84ßJUCEMSßJUNTA COMERCIAL DO ESTADO DE MSß0.00ß151517.65ß5025.01ß4/2024ß
10306292000149ßAG.EST. DE PREVIDENCIA SOCIAL DE MSßßRPPSß30/04/2024F3ßNORMALß2024ß4ß1252335,29ß175327,02ß435421,86ßß372ß4ß1741685,88ß1840962,96ß1840962.96ß0,00ß279,93ß0,00ß47ßAGESULßAG.EST. DE GESTAO DE EMPREENDIMENTOSß0.00ß1840962.96ß104022.59ß4/2024ß
10306292000149ßAG.EST. DE PREVIDENCIA SOCIAL DE MSßßRPPSß30/04/2024F3ßNORMALß2024ß4ß127733,10ß17882,64ß38911,17ßß22ß4ß155644,53ß158874,72ß158874.72ß0,00ß0,00ß0,00ß1071ßCARTORÁRIOSßCARTORÁRIOSß0.00ß158874.72ß12258.68ß4/2024ß
10306292000149ßAG.EST. DE PREVIDENCIA SOCIAL DE MSßßRPPSß30/04/2024F3ßNORMALß2024ß4ß129257734,55ß18096084,93ß37855050,46ßß15693ß2ß151420089,22ß152981255,88ß152981255.88ß0,00ß275,78ß0,00ß25ßSEDßSECRETARIA DE ESTADO DE EDUCACAOß55843.91ß152925411.97ß20302940.96ß4/2024ß
10306292000149ßAG.EST. DE PREVIDENCIA SOCIAL DE MSßßRPPSß30/04/2024F3ßNORMALß2024ß4ß1374849,72ß192479,01ß416402,47ßß248ß2ß1665608,65ß1783127,12ß1783127.12ß0,00ß0,00ß0,00ß24ßSADßSEC.EST. DE ADMINIS. E DESBUROCRATIZACAOß2037.30ß1781089.82ß154347.57ß4/2024ß
10306292000149ßAG.EST. DE PREVIDENCIA SOCIAL DE MSßßRPPSß30/04/2024F3ßNORMALß2024ß4ß13759807,77ß1926373,67ß3613942,18ßß566ß4ß14455766,48ß14552642,04ß14552642.04ß0,00ß11426,40ß0,00ß20ßSEFAZßSECRETARIA DE ESTADO DE FAZENDAß0.00ß14552642.04ß2411212.91ß4/2024ß
10306292000149ßAG.EST. DE PREVIDENCIA SOCIAL DE MSßßRPPSß30/04/2024F3ßNORMALß2024ß4ß1380,53ß193,27ß698,13ßß1ß4ß2792,53ß3092,53ß3092.53ß0,00ß0,00ß0,00ß8ßGOVERNADORIAßGOVERNADORIAß0.00ß3092.53ß0.00ß4/2024ß
10306292000149ßAG.EST. DE PREVIDENCIA SOCIAL DE MSßßRPPSß30/04/2024F3ßNORMALß2024ß4ß138945,78ß19452,41ß38266,46ßß10ß2ß153065,78ß153965,78ß153965.78ß0,00ß0,00ß0,00ß1031ßTCßTRIBUNAL DE CONTASß0.00ß153965.78ß9986.87ß4/2024ß
10306292000149ßAG.EST. DE PREVIDENCIA SOCIAL DE MSßßRPPSß30/04/2024F3ßNORMALß2024ß4ß139395,49ß19515,39ß45262,39ßß31ß4ß181049,49ß188099,49ß188099.49ß0,00ß0,00ß0,00ß1001ßALßASSEMBLEIA LEGISLATIVAß0.00ß188099.49ß12778.53ß4/2024ß
10306292000149ßAG.EST. DE PREVIDENCIA SOCIAL DE MSßßRPPSß30/04/2024F3ßNORMALß2024ß4ß151452,87ß21203,45ß60410,19ßß73ß4ß241640,42ß262646,36ß262646.36ß0,00ß44,43ß0,00ß83ßDETRANßDEPARTAMENTO ESTADUAL DE TRANSITO DE MSß0.00ß262646.36ß10324.61ß4/2024ß
10306292000149ßAG.EST. DE PREVIDENCIA SOCIAL DE MSßßRPPSß30/04/2024F3ßNORMALß2024ß4ß1583313,10ß221663,83ß447366,52ßß146ß2ß1789465,10ß1803865,10ß1803865.10ß0,00ß0,00ß0,00ß77ßUEMSßFUNDACAO UNIVERSIDADE ESTADUAL DE MSß0.00ß1803865.10ß262772.37ß4/2024ß
10306292000149ßAG.EST. DE PREVIDENCIA SOCIAL DE MSßßRPPSß30/04/2024F3ßNORMALß2024ß4ß164241,22ß22993,77ß50326,95ßß30ß4ß201307,63ß205582,93ß205582.93ß0,00ß0,00ß0,00ß77ßUEMSßFUNDACAO UNIVERSIDADE ESTADUAL DE MSß0.00ß205582.93ß23256.40ß4/2024ß
10306292000149ßAG.EST. DE PREVIDENCIA SOCIAL DE MSßßRPPSß30/04/2024F3ßNORMALß2024ß4ß16538063,22ß2315329,82ß4613762,99ßß1382ß2ß18455048,82ß18618813,41ß18535267.99ß83545,42ß241,79ß0,00ß27ßSEJUSPßSEC.EST. DE JUSTICA E SEGURANCA PUBLICAß25151.67ß18593661.74ß2130177.17ß4/2024ß
10306292000149ßAG.EST. DE PREVIDENCIA SOCIAL DE MSßßRPPSß30/04/2024F3ßNORMALß2024ß4ß16722,74ß2341,18ß8769,72ßß14ß4ß35078,74ß38678,74ß38678.74ß0,00ß0,00ß0,00ß72ßFCMSßFUNDACAO DE CULTURA DE MSß0.00ß38678.74ß829.83ß4/2024ß
10306292000149ßAG.EST. DE PREVIDENCIA SOCIAL DE MSßßRPPSß30/04/2024F3ßNORMALß2024ß4ß17023,49ß2383,28ß6020,89ßß5ß2ß24083,49ß25583,49ß25583.49ß0,00ß0,00ß0,00ß92ßFUNDTURßFUNDACAO DE TURISMO DE MSß0.00ß25583.49ß412.80ß4/2024ß
10306292000149ßAG.EST. DE PREVIDENCIA SOCIAL DE MSßßRPPSß30/04/2024F3ßNORMALß2024ß4ß184097,40ß25773,65ß54037,47ßß24ß4ß216149,80ß256619,66ß256619.66ß0,00ß2721,87ß0,00ß1031ßTCßTRIBUNAL DE CONTASß0.00ß256619.66ß24152.71ß4/2024ß
10306292000149ßAG.EST. DE PREVIDENCIA SOCIAL DE MSßßRPPSß30/04/2024F3ßNORMALß2024ß4ß18624,57ß2607,44ß8539,15ßß11ß2ß34156,57ß37156,57ß37156.57ß0,00ß0,00ß0,00ß1051ßTJßTRIBUNAL DE JUSTIÇAß0.00ß37156.57ß683.40ß4/2024ß
10306292000149ßAG.EST. DE PREVIDENCIA SOCIAL DE MSßßRPPSß30/04/2024F3ßNORMALß2024ß4ß187765,31ß26287,15ß50824,34ßß11ß2ß203297,31ß203597,31ß203597.31ß0,00ß0,00ß0,00ß114ßCGEßCONTROLADORIA GERAL DO ESTADOß0.00ß203597.31ß30231.96ß4/2024ß
10306292000149ßAG.EST. DE PREVIDENCIA SOCIAL DE MSßßRPPSß30/04/2024F3ßNORMALß2024ß4ß200697,50ß28097,63ß53704,39ßß12ß4ß214817,50ß224913,18ß216114.11ß8799,07ß0,00ß0,00ß13ßPGEßPROCURADORIA GERAL DO ESTADOß0.00ß224913.18ß37670.53ß4/2024ß
10306292000149ßAG.EST. DE PREVIDENCIA SOCIAL DE MSßßRPPSß30/04/2024F3ßNORMALß2024ß4ß22028,96ß3084,05ß6566,24ßß4ß4ß26264,96ß26864,96ß26864.96ß0,00ß0,00ß0,00ß114ßCGEßCONTROLADORIA GERAL DO ESTADOß0.00ß26864.96ß3109.70ß4/2024ß
10306292000149ßAG.EST. DE PREVIDENCIA SOCIAL DE MSßßRPPSß30/04/2024F3ßNORMALß2024ß4ß245689,25ß34396,47ß77942,77ßß47ß4ß311770,85ß320170,85ß320170.85ß0,00ß0,00ß0,00ß1051ßTJßTRIBUNAL DE JUSTIÇAß0.00ß320170.85ß26041.70ß4/2024ß
10306292000149ßAG.EST. DE PREVIDENCIA SOCIAL DE MSßßRPPSß30/04/2024F3ßNORMALß2024ß4ß26906,87ß3766,97ß8844,72ßß6ß2ß35378,87ß36578,87ß36578.87ß0,00ß0,00ß0,00ß1001ßALßASSEMBLEIA LEGISLATIVAß0.00ß36578.87ß294.62ß4/2024ß
10306292000149ßAG.EST. DE PREVIDENCIA SOCIAL DE MSßßRPPSß30/04/2024F3ßNORMALß2024ß4ß269206,57ß37688,95ß95541,72ßß80ß2ß382166,57ß402209,98ß402209.98ß0,00ß0,00ß0,00ß98ßFUNTRABßFUNDACAO DO TRABALHO DE MSß543.41ß401666.57ß18016.71ß4/2024ß
10306292000149ßAG.EST. DE PREVIDENCIA SOCIAL DE MSßßRPPSß30/04/2024F3ßNORMALß2024ß4ß28779,81ß4029,17ß7900,95ßß2ß2ß31603,81ß31903,81ß31903.81ß0,00ß0,00ß0,00ß3ßAEPßAPOSENTADOS DO EXTINTO PREVISULß0.00ß31903.81ß5309.74ß4/2024ß
10306292000149ßAG.EST. DE PREVIDENCIA SOCIAL DE MSßßRPPSß30/04/2024F3ßNORMALß2024ß4ß290632,20ß40688,50ß87131,10ßß41ß2ß348524,20ß355424,20ß355424.20ß0,00ß0,00ß0,00ß120ßSEMADESCC      ßSEC.EST. DE MEIO AMB,DES,CIE.TEC.INOV   ß0.00ß355424.20ß25311.65ß4/2024ß
10306292000149ßAG.EST. DE PREVIDENCIA SOCIAL DE MSßßRPPSß30/04/2024F3ßNORMALß2024ß4ß2972089,64ß416092,79ß853219,34ßß312ß2ß3412877,17ß3477036,87ß3477036.87ß0,00ß0,00ß0,00ß48ßIAGROßAG.EST. DE DEFESA SANIT,ANIMAL E VEGETALß1759.59ß3475277.28ß401976.38ß4/2024ß
10306292000149ßAG.EST. DE PREVIDENCIA SOCIAL DE MSßßRPPSß30/04/2024F3ßNORMALß2024ß4ß299476,73ß41926,77ß86871,22ßß34ß2ß347484,73ß350184,73ß350184.73ß0,00ß0,00ß0,00ß1071ßCARTORÁRIOSßCARTORÁRIOSß0.00ß350184.73ß32858.62ß4/2024ß
10306292000149ßAG.EST. DE PREVIDENCIA SOCIAL DE MSßßRPPSß30/04/2024F3ßNORMALß2024ß4ß305952,03ß42833,31ß108964,11ßß101ß4ß435856,03ß472586,23ß472586.23ß0,00ß1410,00ß0,00ß24ßSADßSEC.EST. DE ADMINIS. E DESBUROCRATIZACAOß0.00ß472586.23ß34853.49ß4/2024ß
10306292000149ßAG.EST. DE PREVIDENCIA SOCIAL DE MSßßRPPSß30/04/2024F3ßNORMALß2024ß4ß31053,25ß4347,45ß11081,74ßß10ß4ß44326,90ß48952,36ß48952.36ß0,00ß185,57ß0,00ß120ßSEMADESCC      ßSEC.EST. DE MEIO AMB,DES,CIE.TEC.INOV   ß0.00ß48952.36ß2946.97ß4/2024ß
10306292000149ßAG.EST. DE PREVIDENCIA SOCIAL DE MSßßRPPSß30/04/2024F3ßNORMALß2024ß4ß32380,33ß4533,23ß11272,09ßß9ß2ß45088,33ß47488,33ß47488.33ß0,00ß0,00ß0,00ß71ßFUNDESPORTEßFUND. DE DESPORTO E LAZER DE MSß0.00ß47488.33ß1130.68ß4/2024ß
10306292000149ßAG.EST. DE PREVIDENCIA SOCIAL DE MSßßRPPSß30/04/2024F3ßNORMALß2024ß4ß3393,50ß475,09ß3672,40ßß10ß4ß14689,50ß17089,50ß17089.50ß0,00ß0,00ß0,00ß98ßFUNTRABßFUNDACAO DO TRABALHO DE MSß0.00ß17089.50ß0.00ß4/2024ß
10306292000149ßAG.EST. DE PREVIDENCIA SOCIAL DE MSßßRPPSß30/04/2024F3ßNORMALß2024ß4ß3495833,20ß489416,63ß1088840,01ßß609ß2ß4355357,22ß4512253,19ß4512253.19ß0,00ß234,51ß0,00ß47ßAGESULßAG.EST. DE GESTAO DE EMPREENDIMENTOSß1148.37ß4511104.82ß356299.97ß4/2024ß
10306292000149ßAG.EST. DE PREVIDENCIA SOCIAL DE MSßßRPPSß30/04/2024F3ßNORMALß2024ß4ß35099,97ß4913,99ß12305,02ßß11ß4ß49219,97ß51619,97ß51619.97ß0,00ß0,00ß0,00ß6ßAEM-MSßAGENCIA ESTADUAL DE METROLOGIA DE MSß0.00ß51619.97ß3742.38ß4/2024ß
10306292000149ßAG.EST. DE PREVIDENCIA SOCIAL DE MSßßRPPSß30/04/2024F3ßNORMALß2024ß4ß354970,31ß49695,78ß155184,33ßß188ß2ß620736,51ß674239,92ß674239.92ß0,00ß0,00ß0,00ß26ßSEAD           ßSEC.EST. DE ASSIST.SOC. E DIR.HUMANOS   ß403.41ß673836.51ß26491.59ß4/2024ß
10306292000149ßAG.EST. DE PREVIDENCIA SOCIAL DE MSßßRPPSß30/04/2024F3ßNORMALß2024ß4ß3638080,08ß509331,48ß981532,01ßß204ß2ß3926128,08ß3930108,74ß3918316.26ß11792,48ß0,00ß0,00ß88ßDGPCßDELEGACIA-GERAL DA POLICIA CIVIL DE MSß0.00ß3930108.74ß618271.97ß4/2024ß
10306292000149ßAG.EST. DE PREVIDENCIA SOCIAL DE MSßßRPPSß30/04/2024F3ßNORMALß2024ß4ß36587985,52ß5122322,29ß9598213,35ßß1247ß2ß38392851,26ß38523868,43ß38523868.43ß0,00ß0,00ß0,00ß20ßSEFAZßSECRETARIA DE ESTADO DE FAZENDAß67945.85ß38455922.58ß5359936.95ß4/2024ß
10306292000149ßAG.EST. DE PREVIDENCIA SOCIAL DE MSßßRPPSß30/04/2024F3ßNORMALß2024ß4ß3694658,02ß517252,20ß1071080,43ßß468ß4ß4284319,67ß4369303,91ß4358770.05ß10533,86ß1024,95ß0,00ß27ßSEJUSPßSEC.EST. DE JUSTICA E SEGURANCA PUBLICAß0.00ß4369303.91ß470718.17ß4/2024ß
10306292000149ßAG.EST. DE PREVIDENCIA SOCIAL DE MSßßRPPSß30/04/2024F3ßNORMALß2024ß4ß371240,22ß51973,66ß103753,13ßß50ß4ß415012,22ß421012,23ß421012.23ß0,00ß0,00ß0,00ß88ßDGPCßDELEGACIA-GERAL DA POLICIA CIVIL DE MSß0.00ß421012.23ß65065.30ß4/2024ß
10306292000149ßAG.EST. DE PREVIDENCIA SOCIAL DE MSßßRPPSß30/04/2024F3ßNORMALß2024ß4ß38582,12ß5401,49ß12116,54ßß7ß2ß48466,12ß49966,12ß49966.12ß0,00ß0,00ß0,00ß30ßSEILOG         ßSEC.EST. INFRAESTR E LOGISTICA          ß0.00ß49966.12ß4310.63ß4/2024ß
10306292000149ßAG.EST. DE PREVIDENCIA SOCIAL DE MSßßRPPSß30/04/2024F3ßNORMALß2024ß4ß39877,61ß5582,87ß10851,91ßß3ß4ß43407,61ß43857,62ß43857.62ß0,00ß0,00ß0,00ß2ßENCARGOS GERAISßENCARGOS GERAIS DO ESTADOß0.00ß43857.62ß8028.00ß4/2024ß
10306292000149ßAG.EST. DE PREVIDENCIA SOCIAL DE MSßßRPPSß30/04/2024F3ßNORMALß2024ß4ß40346,67ß5648,54ß13616,67ßß10ß2ß54466,67ß57463,95ß57463.95ß0,00ß0,00ß0,00ß45ßAGEHABßAGENCIA DE HABITACAO POPULAR DE MSß597.28ß56866.67ß2262.79ß4/2024ß
10306292000149ßAG.EST. DE PREVIDENCIA SOCIAL DE MSßßRPPSß30/04/2024F3ßNORMALß2024ß4ß407535,03ß57054,90ß124122,89ßß63ß2ß496491,03ß508071,04ß508071.04ß0,00ß0,00ß0,00ß90ßIMASULßINSTITUTO DE MEIO AMBIENTE DE MSß780.01ß507291.03ß39280.81ß4/2024ß
10306292000149ßAG.EST. DE PREVIDENCIA SOCIAL DE MSßßRPPSß30/04/2024F3ßNORMALß2024ß4ß4203554,80ß588498,04ß1224565,22ßß492ß2ß4898258,80ß4954469,36ß4954469.36ß0,00ß455,27ß0,00ß50ßAGEPENßAG.EST. DE ADMINIS. DO SIST.PENITENCIAR.ß25895.00ß4928574.36ß497974.56ß4/2024ß
10306292000149ßAG.EST. DE PREVIDENCIA SOCIAL DE MSßßRPPSß30/04/2024F3ßNORMALß2024ß4ß4235,91ß593,03ß2470,98ßß4ß4ß9883,91ß11083,91ß11083.91ß0,00ß0,00ß0,00ß95ßFERTELßFUND.EST. JOR.L.CHAGAS DE RAD.TV EDUC.MSß0.00ß11083.91ß363.78ß4/2024ß
10306292000149ßAG.EST. DE PREVIDENCIA SOCIAL DE MSßßRPPSß30/04/2024F3ßNORMALß2024ß4ß434312,45ß60803,65ß141313,77ßß103ß4ß565254,55ß595496,72ß595496.72ß0,00ß697,01ß0,00ß48ßIAGROßAG.EST. DE DEFESA SANIT,ANIMAL E VEGETALß0.00ß595496.72ß59388.14ß4/2024ß
10306292000149ßAG.EST. DE PREVIDENCIA SOCIAL DE MSßßRPPSß30/04/2024F3ßNORMALß2024ß4ß4374,06ß612,37ß2152,52ßß3ß4ß8610,06ß9510,06ß9510.06ß0,00ß0,00ß0,00ß3ßAEPßAPOSENTADOS DO EXTINTO PREVISULß0.00ß9510.06ß0.00ß4/2024ß
10306292000149ßAG.EST. DE PREVIDENCIA SOCIAL DE MSßßRPPSß30/04/2024F3ßNORMALß2024ß4ß439259,84ß61496,40ß142862,30ßß109ß4ß571448,88ß595342,83ß595342.83ß0,00ß0,00ß0,00ß50ßAGEPENßAG.EST. DE ADMINIS. DO SIST.PENITENCIAR.ß0.00ß595342.83ß39758.91ß4/2024ß
10306292000149ßAG.EST. DE PREVIDENCIA SOCIAL DE MSßßRPPSß30/04/2024F3ßNORMALß2024ß4ß462587,81ß64762,31ß143181,01ßß78ß2ß572723,81ß590552,44ß590552.44ß0,00ß0,00ß0,00ß10ßSEGOVßSEC.EST. DE GOVERNO E GESTAO ESTRATEG.ß1338.02ß589214.42ß57228.17ß4/2024ß
10306292000149ßAG.EST. DE PREVIDENCIA SOCIAL DE MSßßRPPSß30/04/2024F3ßNORMALß2024ß4ß477577,17ß66860,81ß192865,03ßß208ß2ß771459,29ß836732,90ß836732.90ß0,00ß128,24ß0,00ß94ßFUNSAUßFUNDACAO DE SERVICOS DE SAUDEß6079.19ß830653.71ß32115.04ß4/2024ß
10306292000149ßAG.EST. DE PREVIDENCIA SOCIAL DE MSßßRPPSß30/04/2024F3ßNORMALß2024ß4ß48176,46ß6744,71ß20869,14ßß26ß4ß83476,46ß90376,46ß90376.46ß0,00ß0,00ß0,00ß26ßSEAD           ßSEC.EST. DE ASSIST.SOC. E DIR.HUMANOS   ß0.00ß90376.46ß5654.85ß4/2024ß
10306292000149ßAG.EST. DE PREVIDENCIA SOCIAL DE MSßßRPPSß30/04/2024F3ßNORMALß2024ß4ß5242525,06ß733953,61ß1644958,65ßß947ß2ß6579829,57ß6820271,57ß6820271.57ß0,00ß730,32ß0,00ß31ßSESßSECRETARIA DE ESTADO DE SAÚDEß6010.04ß6814261.53ß507042.90ß4/2024ß
10306292000149ßAG.EST. DE PREVIDENCIA SOCIAL DE MSßßRPPSß30/04/2024F3ßNORMALß2024ß4ß5755743,48ß805804,10ß2055618,74ßß1846ß4ß8222466,48ß8689551,67ß8689551.67ß0,00ß1244,21ß0,00ß25ßSEDßSECRETARIA DE ESTADO DE EDUCACAOß0.00ß8689551.67ß670754.15ß4/2024ß
10306292000149ßAG.EST. DE PREVIDENCIA SOCIAL DE MSßßRPPSß30/04/2024F3ßNORMALß2024ß4ß6008,74ß841,22ß1855,19ßß1ß2ß7420,74ß7720,74ß7720.74ß0,00ß0,00ß0,00ß51ßAGEMSßAG.EST. DE REGUL. DE SERV.PUBLICOS DE MSß0.00ß7720.74ß0.00ß4/2024ß
10306292000149ßAG.EST. DE PREVIDENCIA SOCIAL DE MSßßRPPSß30/04/2024F3ßNORMALß2024ß4ß62153,65ß8701,52ß20833,46ßß15ß2ß83333,65ß87233,65ß87233.65ß0,00ß0,00ß0,00ß95ßFERTELßFUND.EST. JOR.L.CHAGAS DE RAD.TV EDUC.MSß0.00ß87233.65ß4131.88ß4/2024ß
10306292000149ßAG.EST. DE PREVIDENCIA SOCIAL DE MSßßRPPSß30/04/2024F3ßNORMALß2024ß4ß66091,87ß9252,86ß20405,99ßß11ß2ß81623,87ß85735,87ß85735.87ß0,00ß0,00ß0,00ß6ßAEM-MSßAGENCIA ESTADUAL DE METROLOGIA DE MSß1412.00ß84323.87ß7930.00ß4/2024ß
10306292000149ßAG.EST. DE PREVIDENCIA SOCIAL DE MSßßRPPSß30/04/2024F3ßNORMALß2024ß4ß7149,12ß1000,88ß3199,28ßß4ß4ß12797,12ß13997,12ß13997.12ß0,00ß0,00ß0,00ß71ßFUNDESPORTEßFUND. DE DESPORTO E LAZER DE MSß0.00ß13997.12ß1.22ß4/2024ß
10306292000149ßAG.EST. DE PREVIDENCIA SOCIAL DE MSßßRPPSß30/04/2024F3ßNORMALß2024ß4ß731,21ß102,36ß1241,81ßß4ß4ß4967,21ß5867,21ß5867.21ß0,00ß0,00ß0,00ß92ßFUNDTURßFUNDACAO DE TURISMO DE MSß0.00ß5867.21ß0.00ß4/2024ß
10306292000149ßAG.EST. DE PREVIDENCIA SOCIAL DE MSßßRPPSß30/04/2024F3ßNORMALß2024ß4ß7748,56ß1084,80ß8459,76ßß2ß1ß33839,04ß52895,48ß52895.48ß0,00ß0,00ß0,00ß75ßAGEPREVßAG.EST. DE PREVIDENCIA SOCIAL DE MSß0.00ß52895.48ßß4/2024ß
10306292000149ßAG.EST. DE PREVIDENCIA SOCIAL DE MSßßRPPSß30/04/2024F3ßNORMALß2024ß4ß78585,22ß11001,94ß25647,32ßß17ß4ß102589,22ß106789,22ß106789.22ß0,00ß0,00ß0,00ß10ßSEGOVßSEC.EST. DE GOVERNO E GESTAO ESTRATEG.ß0.00ß106789.22ß10884.32ß4/2024ß
10306292000149ßAG.EST. DE PREVIDENCIA SOCIAL DE MSßßRPPSß30/04/2024F3ßNORMALß2024ß4ß81228,21ß11371,94ß25955,08ßß17ß4ß103820,21ß107720,21ß107720.21ß0,00ß0,00ß0,00ß90ßIMASULßINSTITUTO DE MEIO AMBIENTE DE MSß0.00ß107720.21ß8348.64ß4/2024ß
10306292000149ßAG.EST. DE PREVIDENCIA SOCIAL DE MSßßRPPSß30/04/2024F3ßNORMALß2024ß4ß815727,07ß114201,82ß219110,82ßß43ß2ß876443,07ß920863,84ß881843.19ß39020,65ß0,00ß0,00ß13ßPGEßPROCURADORIA GERAL DO ESTADOß0.00ß920863.84ß141905.89ß4/2024ß
10306292000149ßAG.EST. DE PREVIDENCIA SOCIAL DE MSßßRPPSß30/04/2024F3ßNORMALß2024ß4ß830432,41ß116260,56ß249968,23ßß120ß2ß999872,41ß1026678,24ß1026678.24ß0,00ß0,00ß0,00ß46ßAGRAERßAG. DE DESENV. AGRARIO E EXTENSAO RURALß3705.83ß1022972.41ß89991.84ß4/2024ß
10306292000149ßAG.EST. DE PREVIDENCIA SOCIAL DE MSßßRPPSß30/04/2024F3ßNORMALß2024ß4ß839539,42ß117535,55ß277116,37ßß198ß4ß1108464,56ß1152099,79ß1152099.79ß0,00ß6,13ß0,00ß31ßSESßSECRETARIA DE ESTADO DE SAÚDEß0.00ß1152099.79ß71432.90ß4/2024ß
10306292000149ßAG.EST. DE PREVIDENCIA SOCIAL DE MSßßRPPSß30/04/2024F3ßNORMALß2024ß4ß86582,70ß12121,56ß32588,70ßß31ß2ß130354,70ß138754,70ß138754.70ß0,00ß0,00ß0,00ß72ßFCMSßFUNDACAO DE CULTURA DE MSß0.00ß138754.70ß3708.37ß4/2024ß
10306292000149ßAG.EST. DE PREVIDENCIA SOCIAL DE MSßßRPPSß30/04/2024F3ßNORMALß2024ß4ß9919,50ß1388,73ß2832,88ßß1ß2ß11331,50ß11331,50ß11331.50ß0,00ß0,00ß0,00ß91ßFUNDECTßFUND. APOIO DESEN.ENS,CIEN.TECNOL. DE MSß0.00ß11331.50ß0.00ß4/2024ß
10306292000149ßAG.EST. DE PREVIDENCIA SOCIAL DE MSßßSPSß30/04/2024F3ßNORMALß2024ß4ß10133650,70ß1064033,13ß0,00ßß725ß2ß0,00ß10143944,21ß10143944.21ß0,00ß0,00ß0,00ß86ßCBMMSßCORPO DE BOMBEIROS MILITAR DE MSß7882.90ß10136061.31ß1552883.80ß4/2024ß
10306292000149ßAG.EST. DE PREVIDENCIA SOCIAL DE MSßßSPSß30/04/2024F3ßNORMALß2024ß4ß1151974,89ß120957,37ß0,00ßß153ß4ß0,00ß1151974,91ß1151974.91ß0,00ß0,00ß0,00ß86ßCBMMSßCORPO DE BOMBEIROS MILITAR DE MSß0.00ß1151974.91ß127939.18ß4/2024ß
10306292000149ßAG.EST. DE PREVIDENCIA SOCIAL DE MSßßSPSß30/04/2024F3ßNORMALß2024ß4ß42366334,23ß4448464,25ß0,00ßß3776ß2ß0,00ß42488863,82ß42488863.82ß0,00ß-376,81ß0,00ß87ßPMMSßPOLICIA MILITAR DO ESTADO DE MSß88810.61ß42400053.21ß5524014.48ß4/2024ß
10306292000149ßAG.EST. DE PREVIDENCIA SOCIAL DE MSßßSPSß30/04/2024F3ßNORMALß2024ß4ß7975967,44ß837476,30ß0,00ßß1147ß4ß0,00ß7979296,23ß7979296.23ß0,00ß0,00ß0,00ß87ßPMMSßPOLICIA MILITAR DO ESTADO DE MSß0.00ß7979296.23ß798098.89ß4/2024ß
15457856000168ßAG.EST. DE GESTAO DE EMPREENDIMENTOSßßRPPSß30/04/2024F3ßNORMALß2024ß4ß1346114,05ß188455,40ß400940,55ßß263ß1ß1603761,62ß1750485,56ß1750485.56ß0,00ß2043,61ß4087,22ß47ßAGESULßAG.EST. DE GESTAO DE EMPREENDIMENTOSß0.00ß1750485.56ßß4/2024ß
15579196000198ßFUNDACAO DE CULTURA DE MSßßRPPSß30/04/2024F3ßNORMALß2024ß4ß329462,42ß46124,74ß108467,05ßß68ß1ß433867,86ß444448,68ß444448.68ß0,00ß0,00ß0,00ß72ßFCMSßFUNDACAO DE CULTURA DE MSß0.00ß444448.68ßß4/2024ß
1560929000138ßDEPARTAMENTO ESTADUAL DE TRANSITO DE MSßßRPPSß30/04/2024F3ßNORMALß2024ß4ß2992277,67ß418918,62ß995584,91ßß633ß1ß3982336,66ß4291713,81ß4291713.81ß0,00ß0,00ß3403,86ß83ßDETRANßDEPARTAMENTO ESTADUAL DE TRANSITO DE MSß0.00ß4291713.81ßß4/2024ß
2386443000198ßINSTITUTO DE MEIO AMBIENTE DE MSßßRPPSß30/04/2024F3ßNORMALß2024ß4ß1529159,52ß214082,24ß465424,86ßß143ß1ß1861698,66ß1922722,29ß1922722.29ß0,00ß0,00ß0,00ß90ßIMASULßINSTITUTO DE MEIO AMBIENTE DE MSß0.00ß1922722.29ßß4/2024ß
2585924000122ßSECRETARIA DE ESTADO DE EDUCACAOßßRPPSß30/04/2024F3ßNORMALß2024ß4ß85041546,43ß11905813,24ß23516699,26ßß13698ß1ß94066696,34ß97616155,10ß97616155.10ß0,00ß13267,42ß58029,59ß25ßSEDßSECRETARIA DE ESTADO DE EDUCACAOß0.00ß97616155.10ßß4/2024ß
26857516000140ßFUND. DE DESPORTO E LAZER DE MSßßRPPSß30/04/2024F3ßNORMALß2024ß4ß9360,73ß1310,50ß4627,52ßß3ß1ß18510,09ß19110,09ß19110.09ß0,00ß0,00ß0,00ß71ßFUNDESPORTEßFUND. DE DESPORTO E LAZER DE MSß0.00ß19110.09ßß4/2024ß
27219869000188ßCONTROLADORIA GERAL DO ESTADOßßRPPSß30/04/2024F3ßNORMALß2024ß4ß1234906,72ß172886,91ß342730,28ßß80ß1ß1370920,43ß1573941,24ß1573941.24ß0,00ß0,00ß0,00ß114ßCGEßCONTROLADORIA GERAL DO ESTADOß0.00ß1573941.24ßß4/2024ß
27351589000129ßSEC.EST. DE MEIO AMB,DES,CIE.TEC.INOV   ßßRPPSß30/04/2024F3ßNORMALß2024ß4ß199514,62ß27932,05ß68045,36ßß16ß1ß272181,33ß294699,87ß294699.87ß0,00ß0,00ß0,00ß120ßSEMADESCC      ßSEC.EST. DE MEIO AMB,DES,CIE.TEC.INOV   ß0.00ß294699.87ßß4/2024ß
27372704000141ßSEC.EST. DE TUR,ESP,CULT E CIDADAN      ßßRPPSß30/04/2024F3ßNORMALß2024ß4ß21063,51ß2948,89ß10637,37ßß2ß1ß42549,47ß50546,82ß50546.82ß0,00ß0,00ß0,00ß121ßSETESCC        ßSEC.EST. DE TUR,ESP,CULT E CIDADAN      ß0.00ß50546.82ßß4/2024ß
2776669000103ßFUND. APOIO DESEN.ENS,CIEN.TECNOL. DE MSßßRPPSß30/04/2024F3ßNORMALß2024ß4ß0,00ß0,00ß5187,20ßßß1ß20748,80ß20748,80ß20748.80ß0,00ß0,00ß0,00ß91ßFUNDECTßFUND. APOIO DESEN.ENS,CIEN.TECNOL. DE MSß0.00ß20748.80ßß4/2024ß
2935843000105ßSECRETARIA DE ESTADO DE FAZENDAßßRPPSß30/04/2024F3ßNORMALß2024ß4ß24876052,83ß3482649,54ß7246680,12ßß814ß1ß28986715,70ß31288322,73ß31288322.73ß0,00ß0,00ß1449,57ß20ßSEFAZßSECRETARIA DE ESTADO DE FAZENDAß0.00ß31288322.73ßß4/2024ß
2940523000143ßSEC.EST. DE ADMINIS. E DESBUROCRATIZACAOßßRPPSß30/04/2024F3ßNORMALß2024ß4ß4581173,65ß641363,72ß1948490,23ßß1026ß1ß7793955,16ß8497128,77ß8497128.77ß0,00ß5273,13ß14240,16ß24ßSADßSEC.EST. DE ADMINIS. E DESBUROCRATIZACAOß0.00ß8497128.77ßß4/2024ß
2941240000116ßPROCURADORIA GERAL DO ESTADOßßRPPSß30/04/2024F3ßNORMALß2024ß4ß3506793,44ß490951,28ß997319,53ßß113ß1ß3989277,59ß5667770,41ß5667770.41ß0,00ß-307,93ß5568,74ß13ßPGEßPROCURADORIA GERAL DO ESTADOß0.00ß5667770.41ßß4/2024ß
2955271000126ßSECRETARIA DE ESTADO DE SAÚDEßßRPPSß30/04/2024F3ßNORMALß2024ß4ß5973470,95ß836285,76ß1844400,34ßß812ß1ß7377597,54ß7749755,49ß7749755.49ß0,00ß470,51ß941,03ß31ßSESßSECRETARIA DE ESTADO DE SAÚDEß0.00ß7749755.49ßß4/2024ß
3015475000140ßCORPO DE BOMBEIROS MILITAR DE MSßßSPSß30/04/2024F3ßNORMALß2024ß4ß15191001,87ß1595053,82ß0,00ßß1584ß1ß0,00ß16007499,80ß16007499.80ß0,00ß-40,31ß0,00ß86ßCBMMSßCORPO DE BOMBEIROS MILITAR DE MSß0.00ß16007499.80ßß4/2024ß
3015475000140ßPOLICIA MILITAR DO ESTADO DE MSßßSPSß30/04/2024F3ßNORMALß2024ß4ß44285159,09ß4649936,33ß0,00ßß5173ß1ß0,00ß46694957,44ß46694957.44ß0,00ß936,06ß0,00ß87ßPMMSßPOLICIA MILITAR DO ESTADO DE MSß0.00ß46694957.44ßß4/2024ß
3015475000140ßSEC.EST. DE JUSTICA E SEGURANCA PUBLICAßßRPPSß30/04/2024F3ßNORMALß2024ß4ß24947591,81ß3492664,71ß6709920,88ßß1995ß1ß26839686,20ß30156406,21ß30156406.21ß0,00ß109459,63ß233508,66ß88ßDGPCßDELEGACIA-GERAL DA POLICIA CIVIL DE MSß0.00ß30156406.21ßß4/2024ß
3015475000140ßSEC.EST. DE JUSTICA E SEGURANCA PUBLICAßßRPPSß30/04/2024F3ßNORMALß2024ß4ß9904053,31ß1386568,30ß2659954,53ßß1061ß1ß10639810,29ß11629305,17ß11629305.17ß0,00ß17249,45ß37256,53ß27ßSEJUSPßSEC.EST. DE JUSTICA E SEGURANCA PUBLICAß0.00ß11629305.17ßß4/2024ß
3080427000135ßAGENCIA ESTADUAL DE METROLOGIA DE MSßßRPPSß30/04/2024F3ßNORMALß2024ß4ß411762,75ß57646,78ß149983,46ßß62ß1ß599933,40ß620159,87ß620159.87ß0,00ß0,00ß0,00ß6ßAEM-MSßAGENCIA ESTADUAL DE METROLOGIA DE MSß0.00ß620159.87ßß4/2024ß
3216036000103ßSEC.EST. DE GOVERNO E GESTAO ESTRATEG.ßßRPPSß30/04/2024F3ßNORMALß2024ß4ß2004306,96ß280603,17ß609429,22ßß142ß1ß2437716,15ß2578866,17ß2578866.17ß0,00ß0,00ß0,00ß10ßSEGOVßSEC.EST. DE GOVERNO E GESTAO ESTRATEG.ß0.00ß2578866.17ßß4/2024ß
3236119000156ßSEC.EST. INFRAESTR E LOGISTICA          ßßRPPSß30/04/2024F3ßNORMALß2024ß4ß35309,54ß4943,33ß12762,62ßß2ß1ß51050,46ß51050,46ß51050.46ß0,00ß0,00ß0,00ß30ßSEILOG         ßSEC.EST. INFRAESTR E LOGISTICA          ß0.00ß51050.46ßß4/2024ß
3979614000155ßJUNTA COMERCIAL DO ESTADO DE MSßßRPPSß30/04/2024F3ßNORMALß2024ß4ß304209,34ß42589,32ß83455,26ßß55ß1ß333820,56ß342520,96ß342520.96ß0,00ß0,00ß0,00ß84ßJUCEMSßJUNTA COMERCIAL DO ESTADO DE MSß0.00ß342520.96ßß4/2024ß
3980919000187ßAG.EST. DE DEFESA SANIT,ANIMAL E VEGETALßßRPPSß30/04/2024F3ßNORMALß2024ß4ß3462634,32ß484768,99ß1008545,20ßß434ß1ß4034179,29ß4192199,15ß4192199.15ß0,00ß0,00ß836,23ß48ßIAGROßAG.EST. DE DEFESA SANIT,ANIMAL E VEGETALß0.00ß4192199.15ßß4/2024ß
3981081000146ßAG. DE DESENV. AGRARIO E EXTENSAO RURALßßRPPSß30/04/2024F3ßNORMALß2024ß4ß3093117,23ß433036,68ß873990,92ßß366ß1ß3495961,28ß3554940,21ß3554940.21ß0,00ß0,00ß0,00ß46ßAGRAERßAG. DE DESENV. AGRARIO E EXTENSAO RURALß0.00ß3554940.21ßß4/2024ß
3983632000100ßAG.EST. DE ADMINIS. DO SIST.PENITENCIAR.ßßRPPSß30/04/2024F3ßNORMALß2024ß4ß13535825,40ß1895019,66ß4079812,86ßß1926ß1ß16319247,11ß17722907,98ß17722907.98ß0,00ß408,76ß5787,84ß50ßAGEPENßAG.EST. DE ADMINIS. DO SIST.PENITENCIAR.ß0.00ß17722907.98ßß4/2024ß
4150335000147ßSEC.EST. DE ASSIST.SOC. E DIR.HUMANOS   ßßRPPSß30/04/2024F3ßNORMALß2024ß4ß2171431,30ß304000,86ß624161,04ßß675ß1ß2496638,71ß2744621,49ß2744621.49ß0,00ß0,00ß0,00ß26ßSEAD           ßSEC.EST. DE ASSIST.SOC. E DIR.HUMANOS   ß0.00ß2744621.49ßß4/2024ß
4193294000176ßFUND.EST. JOR.L.CHAGAS DE RAD.TV EDUC.MSßßRPPSß30/04/2024F3ßNORMALß2024ß4ß515148,17ß72120,74ß143641,74ßß86ß1ß574566,61ß581724,61ß581724.61ß0,00ß0,00ß0,00ß95ßFERTELßFUND.EST. JOR.L.CHAGAS DE RAD.TV EDUC.MSß0.00ß581724.61ßß4/2024ß
4228734000183ßFUNDACAO DE SERVICOS DE SAUDEßßRPPSß30/04/2024F3ßNORMALß2024ß4ß13371262,61ß1871977,19ß4250554,48ßß1619ß1ß17002209,82ß17876959,23ß17876959.23ß0,00ß10177,50ß29168,87ß94ßFUNSAUßFUNDACAO DE SERVICOS DE SAUDEß0.00ß17876959.23ßß4/2024ß
4499327000100ßFUNDACAO ESCOLA DE GOVERNO DE MS        ßßRPPSß30/04/2024F3ßNORMALß2024ß4ß6231,16ß872,36ß1975,24ßß1ß1ß7900,96ß16552,28ß16552.28ß0,00ß0,00ß0,00ß97ßESCOLAGOV      ßFUNDACAO ESCOLA DE GOVERNO DE MS        ß0.00ß16552.28ßß4/2024ß
4808290000155ßFUNDACAO DE TURISMO DE MSßßRPPSß30/04/2024F3ßNORMALß2024ß4ß139467,87ß19525,48ß44358,20ßß18ß1ß177432,58ß186574,39ß186574.39ß0,00ß0,00ß0,00ß92ßFUNDTURßFUNDACAO DE TURISMO DE MSß0.00ß186574.39ßß4/2024ß
4895130000190ßAG.EST. DE REGUL. DE SERV.PUBLICOS DE MSßßRPPSß30/04/2024F3ßNORMALß2024ß4ß169729,84ß23762,19ß84870,33ßß26ß1ß339481,24ß400010,59ß400010.59ß0,00ß0,00ß1384,51ß51ßAGEMSßAG.EST. DE REGUL. DE SERV.PUBLICOS DE MSß0.00ß400010.59ßß4/2024ß
5472304000175ßAGENCIA DE HABITACAO POPULAR DE MSßßRPPSß30/04/2024F3ßNORMALß2024ß4ß264254,19ß36995,68ß94361,41ßß53ß1ß377445,43ß393706,72ß393706.72ß0,00ß0,00ß0,00ß45ßAGEHABßAGENCIA DE HABITACAO POPULAR DE MSß0.00ß393706.72ßß4/2024ß
5484426000181ßFUNDACAO DO TRABALHO DE MSßßRPPSß30/04/2024F3ßNORMALß2024ß4ß166728,63ß23341,99ß46421,71ßß42ß1ß185686,36ß193500,11ß193500.11ß0,00ß1,51ß3,03ß98ßFUNTRABßFUNDACAO DO TRABALHO DE MSß0.00ß193500.11ßß4/2024ß
86891363000180ßFUNDACAO UNIVERSIDADE ESTADUAL DE MSßßRPPSß30/04/2024F3ßNORMALß2024ß4ß12414631,99ß1738048,54ß3333795,01ßß1040ß1ß13335171,73ß14842084,18ß14842084.18ß0,00ß220,24ß543,18ß77ßUEMSßFUNDACAO UNIVERSIDADE ESTADUAL DE MSß0.00ß14842084.18ßß4/2024ß
